context_class,date_folder,exp,assigned_location,channel,file_num,start_time_file_sec,stop_time_file_sec,duration_ms,start_time_real,next_call_type,next_call_gap_ms,next_call_start_time_file_sec,bout_id,bout_position,bout_size
bout_member,2025_03,235,arena_1,10,2,149.146624,149.205112,58.4880000000112,2025-03-21 19:49:19.146624000,warble,68.36,,40,2,5
bout_member,2025_03,235,arena_1,10,2,149.273472,149.310712,37.23999999999705,2025-03-21 19:49:19.273472000,warble,63.112,,40,3,5
bout_member,2025_03,235,arena_1,10,2,149.582592,149.620984,38.39199999998755,2025-03-21 19:49:19.582592000,warble,296.584,,40,5,5
bout_member,2025_03,235,arena_1,10,4,34.558592,34.662904,104.31200000000018,2025-03-21 19:59:24.558592000,warble,77.96000000000001,,110,1,5
bout_member,2025_03,235,arena_1,10,4,34.997504,35.049464,51.960000000001116,2025-03-21 19:59:24.997504000,warble,71.432,,110,4,5
bout_member,2025_03,235,arena_1,10,4,35.120896,35.153656,32.759999999996126,2025-03-21 19:59:25.120896000,warble,312.2,,110,5,5
bout_member,2025_03,235,arena_1,10,4,71.64992,71.71468,64.76000000000681,2025-03-21 20:00:01.649920000,warble,71.816,,116,5,8
bout_member,2025_03,235,arena_1,10,4,153.78688,153.801336,14.455999999995583,2025-03-21 20:01:23.786880000,warble,74.12,,132,1,7
bout_member,2025_03,235,arena_1,10,4,153.875456,153.905272,29.815999999982523,2025-03-21 20:01:23.875456000,warble,68.232,,132,2,7
bout_member,2025_03,235,arena_2,20,4,320.567808,320.619,51.19200000001456,2025-03-21 20:04:10.567808000,warble,83.08,,2116,2,6
bout_member,2025_03,235,arena_1,10,4,320.689792,320.74368,53.88799999997218,2025-03-21 20:04:10.689792000,warble,78.848,,150,3,6
bout_member,2025_03,235,arena_1,10,4,320.96704,320.998776,31.736000000023523,2025-03-21 20:04:10.967040000,warble,84.36,,150,5,6
bout_member,2025_03,235,arena_2,20,4,321.078272,321.129984,51.71199999995224,2025-03-21 20:04:11.078272000,high-freq,657.152001,,2116,6,6
bout_member,2025_03,235,arena_1,10,5,25.33632,25.397752,61.43199999999993,2025-03-21 20:05:15.336320000,warble,79.624,,155,1,5
bout_member,2025_03,235,arena_1,10,5,25.720576,25.736704,16.127999999998366,2025-03-21 20:05:15.720576000,warble,76.032,,155,4,5
bout_member,2025_03,235,arena_2,20,5,250.656,250.683768,27.767999999980475,2025-03-21 20:09:00.656000000,high-freq,83.592,,2124,9,9
bout_member,2025_03,235,arena_1,10,6,19.221504,19.276664,55.160000000000764,2025-03-21 20:11:09.221504000,warble,70.664,,190,4,5
bout_member,2025_03,235,arena_1,10,6,19.347328,19.390712,43.383999999999645,2025-03-21 20:11:09.347328000,high-freq,86.664,,190,5,5
bout_member,2025_03,235,arena_1,10,6,105.63776,105.685112,47.35200000000361,2025-03-21 20:12:35.637760000,warble,68.616,,203,5,8
bout_member,2025_03,235,arena_1,10,6,105.860352,105.9214,61.04799999999955,2025-03-21 20:12:35.860352000,warble,96.008,,203,7,8
bout_member,2025_03,235,arena_1,10,6,107.07392,107.113336,39.41600000000278,2025-03-21 20:12:37.073920000,warble,107.39999999999999,,205,4,8
bout_member,2025_03,235,arena_1,10,6,107.220736,107.269112,48.37600000000464,2025-03-21 20:12:37.220736000,warble,83.464,,205,5,8
bout_member,2025_03,235,arena_1,10,6,107.352576,107.407232,54.655999999994265,2025-03-21 20:12:37.352576000,warble,90.624,,205,6,8
bout_member,2025_03,235,arena_1,10,6,107.497856,107.556216,58.36000000000752,2025-03-21 20:12:37.497856000,warble,70.28,,205,7,8
bout_member,2025_03,235,arena_1,10,6,107.626496,107.65516,28.66399999999203,2025-03-21 20:12:37.626496000,warble,594.4399999999999,,205,8,8
bout_member,2025_03,235,arena_1,10,7,70.655872,70.699128,43.25599999999952,2025-03-21 20:18:00.655872000,warble,86.152,,285,2,6
bout_member,2025_03,235,arena_1,10,7,71.155712,71.315704,159.99200000000258,2025-03-21 20:18:01.155712000,warble,99.464,,285,5,6
bout_member,2025_03,235,underground,30,7,152.790656,152.845816,55.160000000000764,2025-03-21 20:19:22.790656000,warble,67.72,,3068,11,28
bout_member,2025_03,235,underground,30,7,153.38752,153.483896,96.37599999999225,2025-03-21 20:19:23.387520000,warble,54.919999999999995,,3068,15,28
bout_member,2025_03,235,underground,30,7,153.538816,153.592056,53.24000000001661,2025-03-21 20:19:23.538816000,warble,77.32,,3068,16,28
bout_member,2025_03,235,underground,30,7,153.894016,154.099832,205.81599999999867,2025-03-21 20:19:23.894016000,warble,146.184,,3068,19,28
bout_member,2025_03,235,underground,30,7,154.246016,154.321528,75.51200000000335,2025-03-21 20:19:24.246016000,warble,83.72,,3068,20,28
bout_member,2025_03,235,underground,30,7,155.000448,155.0368,36.35199999999372,2025-03-21 20:19:25.000448000,warble,86.784,,3068,25,28
bout_member,2025_03,235,underground,30,7,155.262848,155.324664,61.81600000002163,2025-03-21 20:19:25.262848000,warble,104.968,,3068,27,28
bout_member,2025_03,235,arena_1,10,7,248.536704,248.565504,28.800000000018144,2025-03-21 20:20:58.536703999,warble,356.352,,309,8,8
bout_member,2025_03,235,arena_1,10,7,250.806016,250.849144,43.127999999995836,2025-03-21 20:21:00.806016000,warble,89.352,,313,5,7
bout_member,2025_03,235,underground,30,7,287.259264,287.291768,32.504000000017186,2025-03-21 20:21:37.259264000,warble,191.496,,3073,1,10
bout_member,2025_03,235,underground,30,7,287.70624,287.749752,43.51200000002109,2025-03-21 20:21:37.706240000,warble,83.592,,3073,4,10
bout_member,2025_03,235,underground,30,7,287.967744,287.990648,22.90400000003956,2025-03-21 20:21:37.967744000,warble,101.64,,3073,6,10
bout_member,2025_03,235,underground,30,7,288.193024,288.226808,33.78400000002557,2025-03-21 20:21:38.193024000,warble,102.28,,3073,8,10
bout_member,2025_03,235,underground,30,7,291.347328,291.373056,25.728000000015072,2025-03-21 20:21:41.347328000,warble,110.208,,3077,2,7
bout_member,2025_03,235,underground,30,7,291.965696,291.989624,23.92800000001216,2025-03-21 20:21:41.965696000,warble,92.296,,3077,6,7
bout_member,2025_03,235,arena_1,10,8,64.57984,64.631288,51.4479999999935,2025-03-21 20:23:54.579840000,warble,86.152,,335,3,5
bout_member,2025_03,235,arena_1,10,8,144.630784,144.670072,39.2879999999991,2025-03-21 20:25:14.630784000,warble,73.48,,350,2,5
bout_member,2025_03,235,arena_1,10,8,145.103872,145.12652,22.648000000003776,2025-03-21 20:25:15.103872000,warble,7564.04,,350,5,5
bout_member,2025_03,235,arena_1,10,9,73.468928,73.51244,43.51199999999267,2025-03-21 20:30:03.468928000,warble,70.536,,378,4,6
bout_member,2025_03,235,arena_2,20,9,79.01056,79.075072,64.51200000000767,2025-03-21 20:30:09.010560000,warble,98.176,,2219,1,7
bout_member,2025_03,235,arena_2,20,9,79.40608,79.437944,31.863999999998782,2025-03-21 20:30:09.406080000,warble,88.072,,2219,4,7
bout_member,2025_03,235,arena_2,20,9,87.409536,87.436536,27.000000000001023,2025-03-21 20:30:17.409536000,warble,110.344,,2230,2,5
bout_member,2025_03,235,arena_2,20,9,87.665664,87.697144,31.47999999998774,2025-03-21 20:30:17.665664000,warble,176.77599999999998,,2230,4,5
bout_member,2025_03,235,underground,30,9,116.91392,117.183736,269.8159999999916,2025-03-21 20:30:46.913920000,warble,87.176,,3097,3,12
bout_member,2025_03,235,underground,30,9,119.894784,119.959808,65.02399999999398,2025-03-21 20:30:49.894784000,warble,135.04,,3098,6,7
bout_member,2025_03,235,underground,30,9,125.729536,125.872896,143.36000000000126,2025-03-21 20:30:55.729536000,warble,72.96,,3106,2,14
bout_member,2025_03,235,underground,30,9,129.254656,129.290752,36.09599999998636,2025-03-21 20:30:59.254656000,warble,94.46400000000001,,3108,1,18
bout_member,2025_03,235,underground,30,9,129.621504,129.666432,44.92799999999875,2025-03-21 20:30:59.621504000,warble,81.664,,3108,4,18
bout_member,2025_03,235,underground,30,9,131.7984,131.8496,51.20000000002278,2025-03-21 20:31:01.798400000,warble,111.744,,3108,17,18
bout_member,2025_03,235,arena_2,20,9,204.713216,204.83468,121.46400000000313,2025-03-21 20:32:14.713216000,warble,63.752,,2254,8,16
bout_member,2025_03,235,arena_2,20,9,206.438144,206.54156,103.41600000000994,2025-03-21 20:32:16.438144000,warble,298.376,,2254,16,16
bout_member,2025_03,235,arena_1,10,10,182.57984,182.634496,54.656000000022686,2025-03-21 20:37:52.579840000,warble,71.04,,442,2,5
bout_member,2025_03,235,arena_1,10,10,182.705536,182.784384,78.84799999999359,2025-03-21 20:37:52.705536000,warble,65.024,,442,3,5
bout_member,2025_03,235,underground,30,11,194.811008,194.855808,44.80000000000928,2025-03-21 20:44:04.811008000,warble,85.632,,3154,2,7
bout_member,2025_03,235,arena_2,20,11,308.644096,308.774784,130.68800000002057,2025-03-21 20:45:58.644096000,warble,130.432,,2362,3,6
bout_member,2025_03,235,arena_2,20,11,309.098368,309.188856,90.48799999999346,2025-03-21 20:45:59.098368000,warble,159.88,,2362,5,6
bout_member,2025_03,235,arena_2,20,12,44.4928,44.534776,41.97599999999824,2025-03-21 20:47:34.492800000,warble,951.944,,2378,5,5
bout_member,2025_03,235,underground,30,12,53.790976,53.833344,42.36799999999619,2025-03-21 20:47:43.790976000,warble,86.784,,3171,3,7
bout_member,2025_03,235,underground,30,12,54.028288,54.091128,62.839999999994234,2025-03-21 20:47:44.028288000,warble,91.52799999999999,,3171,5,7
bout_member,2025_03,235,underground,30,12,58.439808,58.470136,30.327999999997246,2025-03-21 20:47:48.439808000,warble,75.144,,3178,2,9
bout_member,2025_03,235,arena_1,10,13,279.790592,279.816312,25.719999999978427,2025-03-21 20:57:29.790592000,warble,197.896,,589,1,7
bout_member,2025_03,235,arena_1,10,13,280.128768,280.175096,46.3280000000168,2025-03-21 20:57:30.128768000,warble,179.07999999999998,,589,3,7
bout_member,2025_03,235,underground,30,13,282.72,282.79052,70.5199999999877,2025-03-21 20:57:32.720000000,warble,105.352,,3215,1,5
bout_member,2025_03,235,underground,30,13,283.49248,283.553408,60.92799999998988,2025-03-21 20:57:33.492480000,warble,70.65599999999999,,3215,4,5
bout_member,2025_03,235,underground,30,13,286.13248,286.172024,39.544000000034885,2025-03-21 20:57:36.132479999,high-freq,360.455999,,3221,5,5
bout_member,2025_03,235,underground,30,14,241.330304,241.365632,35.3279999999927,2025-03-21 21:02:51.330304000,warble,91.264,,3243,3,10
bout_member,2025_03,235,underground,30,14,241.600384,241.625984,25.59999999999718,2025-03-21 21:02:51.600384000,warble,83.584,,3243,5,10
bout_member,2025_03,235,underground,30,14,241.832832,241.87008,37.24800000000528,2025-03-21 21:02:51.832832000,warble,97.152,,3243,7,10
bout_member,2025_03,235,underground,30,14,242.109824,242.146688,36.864000000008446,2025-03-21 21:02:52.109824000,warble,93.184,,3243,9,10
bout_member,2025_03,235,underground,30,15,109.047552,109.0656,18.04800000000739,2025-03-21 21:06:39.047552000,high-freq,98.176,,3263,1,6
bout_member,2025_03,235,underground,30,15,109.479424,109.529856,50.4320000000007,2025-03-21 21:06:39.479424000,warble,71.29599999999999,,3263,4,6
bout_member,2025_03,235,underground,30,15,109.601152,109.648248,47.09599999999625,2025-03-21 21:06:39.601152000,warble,73.352,,3263,5,6
bout_member,2025_03,235,underground,30,15,299.983104,300.022136,39.03199999996332,2025-03-21 21:09:49.983104000,warble,81.54400000000001,,3294,4,5
bout_member,2025_03,235,underground,30,15,300.10368,300.129016,25.335999999981595,2025-03-21 21:09:50.103680000,high-freq,83.33600100000001,,3294,5,5
bout_member,2025_03,235,arena_2,20,16,44.231552,44.359288,127.73599999999874,2025-03-21 21:11:34.231552000,warble,134.536,,2442,4,7
bout_member,2025_03,235,arena_2,20,16,44.905216,44.964088,58.87199999999382,2025-03-21 21:11:34.905216000,warble,293.767999,,2442,7,7
bout_member,2025_03,235,underground,30,16,156.925824,157.006712,80.88799999998741,2025-03-21 21:13:26.925824000,warble,109.96000000000001,,3326,1,6
bout_member,2025_03,235,underground,30,16,157.350016,157.536512,186.4959999999769,2025-03-21 21:13:27.350016000,warble,102.01599999999999,,3326,3,6
bout_member,2025_03,235,underground,30,16,157.638528,157.804152,165.6239999999798,2025-03-21 21:13:27.638528000,warble,78.344,,3326,4,6
bout_member,2025_03,235,underground,30,17,167.265408,167.312512,47.103999999990265,2025-03-21 21:19:37.265407999,warble,68.48,,3337,3,7
bout_member,2025_03,235,underground,30,17,167.69472,167.729144,34.42400000000134,2025-03-21 21:19:37.694720000,warble,71.048,,3337,6,7
bout_member,2025_03,235,underground,30,17,168.313344,168.342776,29.431999999985692,2025-03-21 21:19:38.313344000,warble,82.69600000000001,,3338,1,6
bout_member,2025_03,235,underground,30,17,168.955264,168.983288,28.023999999987836,2025-03-21 21:19:38.955264000,high-freq,113.416,,3338,6,6
bout_member,2025_03,235,underground,30,17,169.213952,169.247992,34.04000000000451,2025-03-21 21:19:39.213952000,warble,76.296,,3339,1,5
bout_member,2025_03,235,underground,30,17,169.764992,169.790968,25.97599999998579,2025-03-21 21:19:39.764992000,warble,353.8,,3339,5,5
bout_member,2025_03,235,underground,30,17,171.716352,171.75372,37.36799999998652,2025-03-21 21:19:41.716352000,warble,75.272,,3342,3,7
bout_member,2025_03,235,underground,30,17,171.96224,172.006392,44.15199999999686,2025-03-21 21:19:41.962240000,warble,159.624,,3342,5,7
bout_member,2025_03,235,underground,30,20,208.797312,208.82944,32.128000000000156,2025-03-21 21:38:18.797312000,warble,113.792,,3429,1,6
bout_member,2025_03,235,underground,30,20,210.69504,210.735864,40.82399999998643,2025-03-21 21:38:20.695040000,warble,132.36,,3430,3,11
bout_member,2025_03,235,underground,30,20,210.868224,210.890496,22.27200000001517,2025-03-21 21:38:20.868224000,warble,145.664,,3430,4,11
bout_member,2025_03,235,underground,30,20,345.14432,345.189632,45.312000000024,2025-03-21 21:40:35.144320000,warble,97.664,,3439,2,8
bout_member,2025_03,235,underground,30,20,345.287296,345.328,40.70399999994834,2025-03-21 21:40:35.287296000,warble,101.37599999999999,,3439,3,8
bout_member,2025_03,235,underground,30,21,338.411776,338.428928,17.152000000010048,2025-03-21 21:46:28.411776000,warble,79.488,,3456,2,6
bout_member,2025_03,235,underground,30,21,338.859008,338.879872,20.86399999996047,2025-03-21 21:46:28.859008000,warble,88.448,,3456,5,6
bout_member,2025_03,235,underground,30,22,192.515584,192.552576,36.991999999997915,2025-03-21 21:50:02.515584000,warble,87.04,,3470,2,5
bout_member,2025_03,235,underground,30,23,48.051712,48.097408,45.695999999999515,2025-03-21 21:53:38.051712000,warble,58.111999999999995,,3484,1,7
bout_member,2025_03,235,underground,30,23,48.269056,48.2912,22.144000000004382,2025-03-21 21:53:38.269056000,warble,83.584,,3484,3,7
bout_member,2025_03,235,underground,30,23,48.374784,48.4,25.21600000000035,2025-03-21 21:53:38.374784000,warble,76.416,,3484,4,7
bout_member,2025_03,235,underground,30,24,5.036544,5.162496,125.95199999999984,2025-03-21 21:58:55.036544000,warble,102.4,,3499,3,10
inword_handpicked,2025_03,235,underground,30,24,129.417856,129.469304,51.4479999999935,2025-03-21 22:00:59.417856000,stacks,46.472,129.515776,3513,1,1
inword_handpicked,2025_03,235,underground,30,24,130.995328,131.034616,39.2879999999991,2025-03-21 22:01:00.995328000,stacks,31.111999,131.065728,3514,1,1
inword_handpicked,2025_03,235,underground,30,24,131.4144,131.462784,48.38399999999865,2025-03-21 22:01:01.414400000,stacks,0.64,131.463424,3515,1,1
bout_member,2025_03,235,arena_1,10,24,182.021376,182.054136,32.759999999996126,2025-03-21 22:01:52.021376000,warble,94.60000000000001,,1098,5,6
bout_member,2025_03,235,arena_1,10,24,182.148736,182.195712,46.97599999997237,2025-03-21 22:01:52.148736000,warble,1994.496,,1098,6,6
inword_handpicked,2025_03,235,underground,30,24,215.799936,215.827968,28.03199999999606,2025-03-21 22:02:25.799936000,stacks,3.712,215.83168,3526,1,1
bout_member,2025_03,235,underground,30,24,329.676288,329.6992,22.91200000001936,2025-03-21 22:04:19.676288000,warble,95.872,,3532,6,8
bout_member,2025_03,235,underground,30,24,335.408896,335.582968,174.07199999996692,2025-03-21 22:04:25.408896000,warble,64.648,,3539,2,8
bout_member,2025_03,235,underground,30,24,336.513024,336.836352,323.3280000000036,2025-03-21 22:04:26.513024000,warble,91.264,,3539,6,8
bout_member,2025_03,235,underground,30,25,107.408384,107.450616,42.23199999999849,2025-03-21 22:06:37.408384000,warble,78.472,,3557,1,7
bout_member,2025_03,235,underground,30,25,107.645696,107.677824,32.128000000000156,2025-03-21 22:06:37.645696000,warble,98.816,,3557,3,7
bout_member,2025_03,235,underground,30,25,286.534144,286.560256,26.11199999995506,2025-03-21 22:09:36.534143999,warble,110.208,,3579,3,5
bout_member,2025_03,235,underground,30,25,289.904256,289.94252,38.2640000000265,2025-03-21 22:09:39.904256000,warble,70.152,,3584,5,10
bout_member,2025_03,235,underground,30,25,290.365696,290.395136,29.439999999965494,2025-03-21 22:09:40.365696000,warble,95.104,,3584,9,10
bout_member,2025_03,235,underground,30,26,290.543616,290.58496,41.344000000037795,2025-03-21 22:15:40.543616000,warble,100.352,,3617,2,7
bout_member,2025_03,235,underground,30,26,290.685312,290.7214,36.08800000000656,2025-03-21 22:15:40.685312000,warble,85.64,,3617,3,7
bout_member,2025_03,235,underground,30,26,291.340032,291.356152,16.1200000000008,2025-03-21 22:15:41.340032000,warble,69.768,,3617,6,7
bout_member,2025_03,235,arena_1,10,27,17.195264,17.21472,19.45599999999814,2025-03-21 22:17:07.195264000,warble,83.84,,1144,1,5
bout_member,2025_03,235,underground,30,27,35.668608,35.718904,50.296000000003005,2025-03-21 22:17:25.668608000,warble,62.855999999999995,,3638,4,8
bout_member,2025_03,235,underground,30,27,35.78176,35.827448,45.6879999999984,2025-03-21 22:17:25.781760000,warble,76.808,,3638,5,8
inword_handpicked,2025_03,235,underground,30,30,86.692096,86.715776,23.679999999998813,2025-03-21 22:36:16.692096000,stacks,8.831999999999999,86.724608,3728,1,1
inword_handpicked,2025_03,235,underground,30,30,87.178496,87.220216,41.71999999999798,2025-03-21 22:36:17.178496000,stacks,11.272,87.231488,3729,1,1
inword_handpicked,2025_03,235,underground,30,30,87.437824,87.474176,36.35199999999372,2025-03-21 22:36:17.437824000,stacks,0.128,87.474304,3730,1,1
inword_handpicked,2025_03,235,underground,30,30,215.777408,215.812608,35.20000000000323,2025-03-21 22:38:25.777408000,stacks,3.328,215.815936,3761,1,1
inword_handpicked,2025_03,235,underground,30,30,233.08544,233.116544,31.103999999999132,2025-03-21 22:38:43.085440000,stacks,23.808,233.140352,3768,1,1
inword_handpicked,2025_03,235,underground,30,30,243.04256,243.067896,25.335999999981595,2025-03-21 22:38:53.042560000,stacks,15.368,243.083264,3772,1,1
inword_handpicked,2025_03,235,underground,30,30,249.006848,249.054208,47.359999999997626,2025-03-21 22:38:59.006848000,stacks,12.288,249.066496,3775,1,1
inword_handpicked,2025_03,235,underground,30,30,266.143744,266.175864,32.11999999996351,2025-03-21 22:39:16.143744000,stacks,49.032,266.224896,3779,1,1
inword_handpicked,2025_03,235,underground,30,30,272.740096,272.797816,57.720000000017535,2025-03-21 22:39:22.740096000,stacks,29.32,272.827136,3782,1,1
inword_handpicked,2025_03,235,underground,30,30,297.903232,297.945088,41.855999999995674,2025-03-21 22:39:47.903232000,stacks,15.872,297.96096,3786,1,1
bout_member,2025_03,235,underground,30,31,6.892544,6.959864,67.3199999999996,2025-03-21 22:40:56.892544000,high-freq,98.44,,3796,5,5
inword_handpicked,2025_03,235,underground,30,33,187.50656,187.55788,51.32000000000403,2025-03-21 22:55:57.506560000,stacks,14.216,187.572096,3875,1,1
inword_handpicked,2025_03,235,underground,30,33,198.92416,198.978688,54.528000000004795,2025-03-21 22:56:08.924160000,stacks,4.736,198.983424,3882,1,1
inword_handpicked,2025_03,235,underground,30,33,228.669952,228.694784,24.832000000003518,2025-03-21 22:56:38.669952000,stacks,45.568,228.740352,3886,1,1
inword_handpicked,2025_03,235,underground,30,34,20.51584,20.5696,53.760000000000474,2025-03-21 22:59:10.515839999,stacks,3.328,20.572928,3896,1,1
inword_handpicked,2025_03,235,underground,30,34,104.465536,104.493824,28.28800000000342,2025-03-21 23:00:34.465536000,stacks,2.176,104.496,3903,1,1
inword_handpicked,2025_03,235,underground,30,36,195.008384,195.053952,45.56800000000294,2025-03-21 23:14:05.008384000,stacks,35.839999999999996,195.089792,3942,1,1
inword_handpicked,2025_03,235,underground,30,36,195.36512,195.396728,31.60800000000563,2025-03-21 23:14:05.365120000,stacks,26.631999999999998,195.42336,3943,1,1
inword_handpicked,2025_03,235,underground,30,36,197.722112,197.763448,41.33600000000115,2025-03-21 23:14:07.722112000,stacks,23.560000000000002,197.787008,3944,1,1
inword_handpicked,2025_03,235,underground,30,36,198.094464,198.12236,27.895999999998367,2025-03-21 23:14:08.094464000,stacks,13.575999999999999,198.135936,3945,1,1
inword_handpicked,2025_03,235,underground,30,36,198.415104,198.476792,61.68799999997532,2025-03-21 23:14:08.415104000,stacks,15.751999999999999,198.492544,3946,1,1
inword_handpicked,2025_03,235,underground,30,37,48.625536,48.668672,43.13600000000406,2025-03-21 23:17:38.625536000,stacks,2.176,48.670848,3960,1,1
inword_handpicked,2025_03,235,underground,30,39,345.135744,345.1566,20.85600000003751,2025-03-21 23:34:35.135744000,stacks,5.896,345.162496,4015,1,1
inword_handpicked,2025_03,235,underground,30,40,3.395328,3.448056,52.72799999999967,2025-03-21 23:34:53.395328000,stacks,5.384,3.45344,4018,1,2
inword_handpicked,2025_03,235,underground,30,40,3.515648,3.53472,19.071999999999978,2025-03-21 23:34:53.515648000,stacks,6.656,3.541376,4018,2,2
inword_handpicked,2025_03,235,underground,30,40,26.895616,26.95948,63.86399999999881,2025-03-21 23:35:16.895616000,stacks,6.152,26.965632,4023,1,1
inword_handpicked,2025_03,235,underground,30,40,39.072896,39.099256,26.35999999999683,2025-03-21 23:35:29.072896000,stacks,26.376,39.125632,4024,1,1
inword_handpicked,2025_03,235,underground,30,40,85.353088,85.372664,19.576000000000704,2025-03-21 23:36:15.353088000,stacks,13.832,85.386496,4027,1,1
inword_handpicked,2025_03,235,underground,30,40,86.017152,86.059896,42.743999999999005,2025-03-21 23:36:16.017152000,stacks,18.568,86.078464,4028,1,1
inword_handpicked,2025_03,235,underground,30,40,91.392256,91.483256,90.99999999999397,2025-03-21 23:36:21.392256000,stacks,44.936,91.528192,4033,1,1
inword_handpicked,2025_03,235,underground,30,40,104.397312,104.42688,29.567999999997596,2025-03-21 23:36:34.397312000,stacks,31.36,104.45824,4039,1,1
inword_handpicked,2025_03,235,underground,30,40,173.357056,173.423232,66.17600000001289,2025-03-21 23:37:43.357056000,stacks,23.68,173.446912,4049,1,1
inword_handpicked,2025_03,235,underground,30,40,260.260736,260.310784,50.04800000000387,2025-03-21 23:39:10.260736000,stacks,13.696,260.32448,4066,1,1
inword_handpicked,2025_03,235,underground,30,40,266.212096,266.261248,49.152000000049156,2025-03-21 23:39:16.212096000,stacks,18.048001,266.279296,4067,1,1
inword_handpicked,2025_03,235,underground,30,40,277.163008,277.199872,36.86400000003687,2025-03-21 23:39:27.163008000,stacks,49.792,277.249664,4068,1,1
inword_handpicked,2025_03,235,underground,30,40,277.74656,277.82336,76.79999999999154,2025-03-21 23:39:27.746560000,stacks,8.319999999999999,277.83168,4070,1,1
inword_handpicked,2025_03,235,underground,30,40,280.629504,280.702208,72.70399999998745,2025-03-21 23:39:30.629504000,stacks,2.048,280.704256,4073,2,2
inword_handpicked,2025_03,235,underground,30,40,283.318528,283.370112,51.58399999999119,2025-03-21 23:39:33.318528000,stacks,5.248,283.37536,4075,1,1
inword_handpicked,2025_03,235,underground,30,40,283.725952,283.75168,25.728000000015072,2025-03-21 23:39:33.725952000,stacks,20.224,283.771904,4076,1,1
inword_handpicked,2025_03,235,underground,30,40,285.193984,285.224312,30.327999999997246,2025-03-21 23:39:35.193984000,stacks,6.024,285.230336,4078,1,1
inword_handpicked,2025_03,235,underground,30,40,285.483904,285.525248,41.34399999998095,2025-03-21 23:39:35.483904000,stacks,9.728,285.534976,4079,1,1
inword_handpicked,2025_03,235,underground,30,40,332.51968,332.561152,41.47199999999884,2025-03-21 23:40:22.519680000,stacks,32.512,332.593664,4095,1,1
inword_handpicked,2025_03,235,underground,30,40,333.435648,333.50412,68.47199999998566,2025-03-21 23:40:23.435648000,stacks,11.271999,333.515392,4096,1,1
inword_handpicked,2025_03,235,underground,30,40,333.81312,333.842176,29.055999999968662,2025-03-21 23:40:23.813120000,stacks,14.848,333.857024,4097,1,2
inword_handpicked,2025_03,235,underground,30,40,353.663616,353.721472,57.85600000001523,2025-03-21 23:40:43.663616000,stacks,18.816,353.740288,4106,1,1
inword_handpicked,2025_03,235,underground,30,41,34.416256,34.447488,31.232000000002813,2025-03-21 23:41:24.416256000,stacks,20.224,34.467712,4109,1,1
inword_handpicked,2025_03,235,underground,30,41,234.886656,234.943232,56.57600000000684,2025-03-21 23:44:44.886656000,stacks,0.256,234.943488,4126,1,1
inword_handpicked,2025_03,235,underground,30,41,330.940544,330.960888,20.34400000002279,2025-03-21 23:46:20.940544000,stacks,8.968,330.969856,4130,1,1
inword_handpicked,2025_03,235,underground,30,42,119.749248,119.814144,64.8960000000045,2025-03-21 23:48:49.749248000,stacks,0.64,119.814784,4148,1,1
inword_handpicked,2025_03,235,underground,30,42,128.440064,128.569984,129.91999999999848,2025-03-21 23:48:58.440064000,stacks,33.279999999999994,128.603264,4152,1,1
inword_handpicked,2025_03,235,underground,30,42,129.907456,129.954688,47.232000000008156,2025-03-21 23:48:59.907456000,stacks,20.864,129.975552,4154,1,1
inword_handpicked,2025_03,235,underground,30,42,151.702912,151.903096,200.18400000000725,2025-03-21 23:49:21.702912000,stacks,17.032,151.920128,4162,1,1
inword_handpicked,2025_03,235,underground,30,42,156.23104,156.289664,58.62399999998047,2025-03-21 23:49:26.231040000,stacks,23.168000000000003,156.312832,4163,1,1
inword_handpicked,2025_03,235,underground,30,43,182.40128,182.432128,30.84799999999177,2025-03-21 23:55:52.401280000,stacks,32.0,182.464128,4172,1,1
inword_handpicked,2025_03,235,underground,30,43,183.024256,183.119352,95.09599999998386,2025-03-21 23:55:53.024256000,stacks,5.5120000000000005,183.124864,4174,1,1
inword_handpicked,2025_03,235,underground,30,43,189.644928,189.68128,36.35199999999372,2025-03-21 23:55:59.644928000,stacks,20.608,189.701888,4176,1,1
inword_handpicked,2025_03,235,underground,30,43,217.198464,217.21548,17.016000000012355,2025-03-21 23:56:27.198464000,stacks,10.504,217.225984,4184,2,3
inword_handpicked,2025_03,235,underground,30,43,219.998336,220.06016,61.82400000000143,2025-03-21 23:56:29.998336000,stacks,2.6879999999999997,220.062848,4187,1,1
inword_handpicked,2025_03,235,underground,30,43,220.442112,220.499576,57.46399999998175,2025-03-21 23:56:30.442112000,stacks,16.52,220.516096,4188,1,1
inword_handpicked,2025_03,235,underground,30,43,235.138816,235.159424,20.60800000000995,2025-03-21 23:56:45.138816000,stacks,11.648,235.171072,4192,1,1
inword_handpicked,2025_03,235,underground,30,43,240.972672,241.015168,42.49599999999987,2025-03-21 23:56:50.972672000,stacks,1.1520000000000001,241.01632,4193,1,1
inword_handpicked,2025_03,235,underground,30,43,243.494656,243.52832,33.6640000000159,2025-03-21 23:56:53.494656000,stacks,1.024,243.529344,4195,1,1
inword_handpicked,2025_03,235,underground,30,43,245.248512,245.276416,27.90400000000659,2025-03-21 23:56:55.248512000,stacks,0.768,245.277184,4198,1,1
inword_handpicked,2025_03,235,underground,30,43,248.381824,248.429056,47.232000000008156,2025-03-21 23:56:58.381824000,stacks,24.32,248.453376,4200,1,1
inword_handpicked,2025_03,235,underground,30,43,250.589696,250.734976,145.27999999998542,2025-03-21 23:57:00.589696000,stacks,13.568,250.748544,4201,1,1
bout_member,2025_03,235,arena_1,10,44,201.43808,201.454328,16.24799999999027,2025-03-22 00:02:11.438080000,warble,130.696,,1189,3,5
bout_member,2025_03,235,underground,30,44,353.05216,353.204216,152.0559999999591,2025-03-22 00:04:43.052160000,warble,57.479999,,4209,2,6
bout_member,2025_03,235,underground,30,44,354.610944,354.681336,70.39199999996981,2025-03-22 00:04:44.610944000,warble,62.984,,4210,3,9
bout_member,2025_03,235,underground,30,44,355.439872,355.612152,172.28000000000065,2025-03-22 00:04:45.439872000,warble,63.495999999999995,,4210,8,9
bout_member,2025_03,235,underground,30,45,43.774848,43.823736,48.887999999998044,2025-03-22 00:05:33.774848000,warble,95.624,,4219,2,6
bout_member,2025_03,235,underground,30,48,47.643264,47.668992,25.72800000000086,2025-03-22 00:23:37.643264000,warble,0.128,,4258,9,9
bout_member,2025_03,235,underground,30,48,49.795968,49.937152,141.18399999999554,2025-03-22 00:23:39.795968000,high-freq,99.584,,4262,5,5
inword_handpicked,2025_03,235,underground,30,50,202.107136,202.136576,29.439999999993915,2025-03-22 00:38:12.107136000,stacks,4.736,202.141312,4283,1,1
inword_handpicked,2025_03,235,underground,30,50,202.966784,202.999288,32.504000000017186,2025-03-22 00:38:12.966784000,stacks,14.088,203.013376,4285,1,1
inword_handpicked,2025_03,235,underground,30,52,277.9424,277.99488,52.48000000000275,2025-03-22 00:51:27.942400000,stacks,7.04,278.00192,4306,1,1
inword_handpicked,2025_03,235,underground,30,52,332.37184,332.406016,34.176000000002205,2025-03-22 00:52:22.371840000,stacks,1.408,332.407424,4309,1,1
inword_handpicked,2025_03,235,underground,30,56,39.168512,39.209216,40.703999999998075,2025-03-22 01:11:29.168512000,stacks,1.9200000000000002,39.211136,4326,1,1
inword_handpicked,2025_03,235,underground,30,56,53.017472,53.041528,24.05600000000163,2025-03-22 01:11:43.017472000,stacks,44.68,53.086208,4329,1,1
inword_handpicked,2025_03,235,underground,30,59,11.114752,11.140864,26.112000000001245,2025-03-22 01:29:01.114752000,stacks,11.904,11.152768,4355,1,1
inword_handpicked,2025_03,235,underground,30,59,76.349568,76.377848,28.279999999995198,2025-03-22 01:30:06.349568000,stacks,7.432,76.38528,4360,1,1
inword_handpicked,2025_03,235,underground,30,59,78.597376,78.623744,26.368000000005054,2025-03-22 01:30:08.597376000,stacks,18.688,78.642432,4361,1,1
inword_handpicked,2025_03,235,underground,30,59,113.37984,113.473144,93.30400000000338,2025-03-22 01:30:43.379840000,stacks,5.128,113.478272,4366,1,1
inword_handpicked,2025_03,235,underground,30,59,142.127104,142.15808,30.976000000009662,2025-03-22 01:31:12.127104000,stacks,2.048,142.160128,4369,1,1
inword_handpicked,2025_03,235,underground,30,59,142.745216,142.784632,39.41599999998857,2025-03-22 01:31:12.745216000,stacks,27.528,142.81216,4371,1,1
inword_handpicked,2025_03,235,underground,30,59,325.647488,325.703416,55.92799999999443,2025-03-22 01:34:15.647488000,stacks,46.344,325.74976,4375,1,1
inword_handpicked,2025_03,235,underground,30,59,354.672512,354.711424,38.912000000038915,2025-03-22 01:34:44.672512000,stacks,20.352,354.731776,4386,1,1
inword_handpicked,2025_03,235,underground,30,59,355.15968,355.186936,27.256000000022595,2025-03-22 01:34:45.159680000,stacks,7.432,355.194368,4387,1,1
inword_handpicked,2025_03,235,underground,30,60,0.2048,0.261368,56.56799999999998,2025-03-22 01:34:50.204800000,stacks,17.032,0.2784,4388,1,1
inword_handpicked,2025_03,235,underground,30,60,0.499072,0.53568,36.60800000000003,2025-03-22 01:34:50.499072000,stacks,13.056,0.548736,4389,1,1
inword_handpicked,2025_03,235,underground,30,60,0.9056,0.959616,54.01600000000006,2025-03-22 01:34:50.905600000,stacks,29.055999999999997,0.988672,4390,1,1
inword_handpicked,2025_03,235,underground,30,60,4.670848,4.700792,29.943999999999527,2025-03-22 01:34:54.670848000,stacks,9.991999999999999,4.710784,4393,1,1
inword_handpicked,2025_03,235,underground,30,60,5.96224,6.003456,41.215999999999475,2025-03-22 01:34:55.962240000,stacks,0.896,6.004352,4394,2,2
inword_handpicked,2025_03,235,underground,30,60,6.29248,6.351096,58.61599999999978,2025-03-22 01:34:56.292480000,stacks,46.6,6.397696,4395,1,1
inword_handpicked,2025_03,235,underground,30,60,25.595392,25.635456,40.06400000000099,2025-03-22 01:35:15.595392000,stacks,0.384,25.63584,4408,1,1
inword_handpicked,2025_03,235,underground,30,60,28.068736,28.1518,83.06400000000025,2025-03-22 01:35:18.068736000,stacks,49.416000000000004,28.201216,4411,1,1
inword_handpicked,2025_03,235,underground,30,60,49.67552,49.751296,75.77600000000473,2025-03-22 01:35:39.675520000,stacks,6.912,49.758208,4418,1,1
inword_handpicked,2025_03,235,underground,30,60,55.084672,55.12832,43.64800000000457,2025-03-22 01:35:45.084672000,stacks,19.968000999999997,55.148288,4422,1,1
inword_handpicked,2025_03,235,underground,30,60,65.57504,65.645952,70.91199999999276,2025-03-22 01:35:55.575040000,stacks,26.232,65.672184,4426,1,1
bout_member,2025_03,235,underground,30,61,57.580416,57.782008,201.591999999998,2025-03-22 01:41:47.580416000,warble,245.384,,4462,5,5
bout_member,2025_03,235,underground,30,61,169.569664,169.754616,184.95200000000978,2025-03-22 01:43:39.569664000,warble,79.75200000000001,,4511,4,7
bout_member,2025_03,235,arena_1,10,67,303.951104,304.001784,50.679999999999836,2025-03-22 02:21:53.951104000,warble,128.776,,1249,2,6
bout_member,2025_03,235,arena_1,10,67,304.647936,304.683776,35.84000000000742,2025-03-22 02:21:54.647936000,stacks,27529.088000000003,,1249,6,6
bout_member,2025_03,235,underground,30,67,304.997248,305.069184,71.93599999999378,2025-03-22 02:21:54.997248000,warble,60.544000000000004,,4635,1,9
bout_member,2025_03,235,underground,30,76,330.317056,330.362744,45.68800000004103,2025-03-22 03:16:20.317056000,warble,60.168,,4665,1,7
bout_member,2025_03,235,underground,30,76,330.652416,330.692352,39.93600000001152,2025-03-22 03:16:20.652416000,warble,77.31200000000001,,4665,4,7
bout_member,2025_03,235,underground,30,76,330.87296,330.925048,52.08800000002611,2025-03-22 03:16:20.872960000,warble,50.056000000000004,,4665,6,7
bout_member,2025_03,235,underground,30,76,331.654016,331.87008,216.0639999999603,2025-03-22 03:16:21.654016000,warble,63.488,,4667,2,6
bout_member,2025_03,235,underground,30,76,332.6208,332.787712,166.91200000002482,2025-03-22 03:16:22.620800000,warble,9.984,,4667,6,6
inword_handpicked,2025_03,235,underground,30,77,131.67232,131.727224,54.9039999999934,2025-03-22 03:19:01.672320000,stacks,7.944,131.735168,4692,1,1
inword_handpicked,2025_03,235,underground,30,77,133.508096,133.537536,29.439999999993915,2025-03-22 03:19:03.508096000,stacks,16.768,133.554304,4694,1,1
inword_handpicked,2025_03,235,underground,30,77,133.782144,133.819904,37.76000000002,2025-03-22 03:19:03.782144000,stacks,4.4799999999999995,133.824384,4695,1,1
inword_handpicked,2025_03,235,underground,30,81,181.156608,181.209208,52.59999999998399,2025-03-22 03:43:51.156608000,stacks,8.328000000000001,181.217536,4784,1,1
inword_handpicked,2025_03,235,underground,30,81,211.442944,211.478528,35.58400000000006,2025-03-22 03:44:21.442944000,stacks,42.751999,211.52128,4788,1,1
inword_handpicked,2025_03,235,underground,30,81,213.493248,213.51948,26.23199999999315,2025-03-22 03:44:23.493248000,stacks,21.384,213.540864,4789,1,1
inword_handpicked,2025_03,235,underground,30,82,316.553216,316.591352,38.135999999951764,2025-03-22 03:52:06.553216000,stacks,16.904,316.608256,4800,1,1
inword_handpicked,2025_03,235,underground,30,82,317.259264,317.282176,22.91200000001936,2025-03-22 03:52:07.259264000,stacks,7.168,317.289344,4802,1,1
inword_handpicked,2025_03,235,underground,30,82,317.522304,317.565816,43.511999999964246,2025-03-22 03:52:07.522304000,stacks,20.36,317.586176,4803,1,1
inword_handpicked,2025_03,235,underground,30,82,317.854592,317.89184,37.247999999976855,2025-03-22 03:52:07.854592000,stacks,6.528,317.898368,4804,1,1
inword_handpicked,2025_03,235,underground,30,82,318.126848,318.151424,24.576000000024578,2025-03-22 03:52:08.126847999,stacks,23.552,318.174976,4805,1,1
inword_handpicked,2025_03,235,underground,30,82,319.62752,319.654272,26.751999999987675,2025-03-22 03:52:09.627520000,stacks,7.04,319.661312,4806,1,1
inword_handpicked,2025_03,235,underground,30,82,323.947904,324.004984,57.07999999998492,2025-03-22 03:52:13.947904000,stacks,6.024,324.011008,4808,1,1
inword_handpicked,2025_03,235,underground,30,82,325.644672,325.663616,18.943999999976313,2025-03-22 03:52:15.644672000,stacks,4.864,325.66848,4809,1,1
inword_handpicked,2025_03,235,underground,30,82,327.143808,327.183616,39.807999999993626,2025-03-22 03:52:17.143808000,stacks,9.472,327.193088,4811,1,1
inword_handpicked,2025_03,235,underground,30,82,327.465728,327.486464,20.73599999999942,2025-03-22 03:52:17.465728000,stacks,29.184,327.515648,4812,1,1
inword_handpicked,2025_03,235,underground,30,82,331.829888,331.90656,76.6720000000305,2025-03-22 03:52:21.829888000,stacks,12.032,331.918592,4817,1,1
inword_handpicked,2025_03,235,underground,30,83,251.695104,251.748352,53.24800000002483,2025-03-22 03:57:01.695104000,stacks,15.488,251.76384,4821,1,1
inword_handpicked,2025_03,235,underground,30,83,258.77056,258.809088,38.52799999998524,2025-03-22 03:57:08.770560000,stacks,3.072,258.81216,4822,1,1
inword_handpicked,2025_03,235,underground,30,84,167.079168,167.17056,91.39199999998482,2025-03-22 04:01:37.079168000,stacks,0.896,167.171456,4830,1,1
inword_handpicked,2025_03,235,underground,30,84,172.992256,173.01504,22.78400000000147,2025-03-22 04:01:42.992256000,stacks,1.1520000000000001,173.016192,4831,1,1
inword_handpicked,2025_03,235,underground,30,85,197.712512,197.74016,27.64799999999923,2025-03-22 04:08:07.712512000,stacks,34.304,197.774464,4845,1,1
inword_handpicked,2025_03,235,underground,30,85,200.761728,200.8,38.2720000000063,2025-03-22 04:08:10.761728000,stacks,20.352,200.820352,4847,1,1
inword_handpicked,2025_03,235,underground,30,85,202.402304,202.438272,35.96800000002531,2025-03-22 04:08:12.402304000,stacks,13.312,202.451584,4849,1,1
inword_handpicked,2025_03,235,underground,30,85,215.126528,215.225592,99.06399999999849,2025-03-22 04:08:25.126528000,stacks,5.384,215.230976,4854,1,1
inword_handpicked,2025_03,235,underground,30,85,216.377984,216.455936,77.95200000001046,2025-03-22 04:08:26.377984000,stacks,12.8,216.468736,4855,1,1
inword_handpicked,2025_03,235,underground,30,87,289.33952,289.382272,42.75200000000723,2025-03-22 04:21:39.339520000,stacks,0.256,289.382528,4859,1,1
inword_handpicked,2025_03,235,underground,30,89,289.382016,289.420928,38.91199999998207,2025-03-22 04:33:39.382016000,stacks,30.848,289.451776,4873,1,1
inword_handpicked,2025_03,235,underground,30,95,182.116352,182.137976,21.624000000002752,2025-03-22 05:07:52.116352000,stacks,18.055999999999997,182.156032,4929,1,1
inword_handpicked,2025_03,235,underground,30,95,286.318336,286.422016,103.67999999999711,2025-03-22 05:09:36.318336000,stacks,22.528,286.444544,4931,1,1
inword_handpicked,2025_03,235,underground,30,96,109.13984,109.173496,33.65599999999347,2025-03-22 05:12:39.139840000,stacks,29.576,109.203072,4936,1,1
inword_handpicked,2025_03,235,underground,30,96,120.637056,120.655232,18.17599999999686,2025-03-22 05:12:50.637056000,stacks,13.952000000000002,120.669184,4946,1,1
inword_handpicked,2025_03,235,underground,30,96,149.729152,149.775232,46.07999999998924,2025-03-22 05:13:19.729152000,stacks,23.168000000000003,149.7984,4964,4,4
inword_handpicked,2025_03,235,underground,30,96,150.329728,150.36876,39.03200000002016,2025-03-22 05:13:20.329728000,stacks,23.432000000000002,150.392192,4965,1,1
inword_handpicked,2025_03,235,underground,30,96,175.112576,175.17696,64.3840000000182,2025-03-22 05:13:45.112576000,stacks,11.136,175.188096,4975,1,1
inword_handpicked,2025_03,235,underground,30,96,175.472896,175.563896,91.00000000000819,2025-03-22 05:13:45.472896000,stacks,42.504,175.6064,4976,1,1
inword_handpicked,2025_03,235,underground,30,96,184.111744,184.174464,62.72000000001299,2025-03-22 05:13:54.111744000,stacks,30.720000000000002,184.205184,4979,1,1
inword_handpicked,2025_03,235,underground,30,96,191.051904,191.087488,35.58400000000006,2025-03-22 05:14:01.051904000,stacks,7.680000000000001,191.095168,4981,1,1
inword_handpicked,2025_03,235,underground,30,96,195.769344,195.80876,39.41600000001699,2025-03-22 05:14:05.769344000,stacks,41.736000000000004,195.850496,4983,1,1
inword_handpicked,2025_03,235,underground,30,96,196.03776,196.08384,46.08000000001766,2025-03-22 05:14:06.037760000,stacks,0.896,196.084736,4984,1,1
inword_handpicked,2025_03,235,underground,30,96,196.320896,196.354552,33.65600000000768,2025-03-22 05:14:06.320896000,stacks,18.824,196.373376,4985,1,1
inword_handpicked,2025_03,235,underground,30,96,196.629376,196.732664,103.28799999999205,2025-03-22 05:14:06.629376000,stacks,28.808,196.761472,4986,1,1
inword_handpicked,2025_03,235,underground,30,96,199.174912,199.233528,58.61600000000067,2025-03-22 05:14:09.174912000,stacks,18.311999999999998,199.25184,4990,1,1
inword_handpicked,2025_03,235,underground,30,96,200.813952,200.859384,45.432000000005246,2025-03-22 05:14:10.813952000,stacks,34.824,200.894208,4994,1,1
inword_handpicked,2025_03,235,underground,30,96,201.128832,201.154176,25.34400000001824,2025-03-22 05:14:11.128832000,stacks,30.720000000000002,201.184896,4995,1,1
inword_handpicked,2025_03,235,underground,30,96,201.465088,201.506304,41.21599999999148,2025-03-22 05:14:11.465088000,stacks,2.816,201.50912,4996,1,1
inword_handpicked,2025_03,235,underground,30,96,201.715456,201.78636,70.90400000001296,2025-03-22 05:14:11.715456000,stacks,12.936,201.799296,4997,1,1
inword_handpicked,2025_03,235,underground,30,96,202.722688,202.789112,66.42399999998361,2025-03-22 05:14:12.722688000,stacks,9.608,202.79872,4999,1,1
inword_handpicked,2025_03,235,underground,30,96,203.951232,204.00128,50.04800000000387,2025-03-22 05:14:13.951232000,stacks,6.144,204.007424,5002,1,1
inword_handpicked,2025_03,235,underground,30,96,204.350208,204.373624,23.41599999999744,2025-03-22 05:14:14.350208000,stacks,9.096,204.38272,5003,1,1
inword_handpicked,2025_03,235,underground,30,96,205.968256,206.010752,42.49599999999987,2025-03-22 05:14:15.968256000,stacks,38.528,206.04928,5006,1,1
inword_handpicked,2025_03,235,underground,30,96,206.428032,206.491384,63.35200000000896,2025-03-22 05:14:16.428032000,stacks,17.416,206.5088,5007,1,1
inword_handpicked,2025_03,235,underground,30,96,206.758656,206.811264,52.60799999999222,2025-03-22 05:14:16.758656000,stacks,0.512,206.811776,5008,1,1
inword_handpicked,2025_03,235,underground,30,96,207.345024,207.37996,34.936000000016065,2025-03-22 05:14:17.345024000,stacks,10.888,207.390848,5010,1,1
inword_handpicked,2025_03,235,underground,30,96,207.893376,207.952632,59.25600000000486,2025-03-22 05:14:17.893376000,stacks,11.528,207.96416,5012,1,1
inword_handpicked,2025_03,235,underground,30,96,209.395712,209.421952,26.240000000001373,2025-03-22 05:14:19.395712000,stacks,7.936,209.429888,5015,2,2
inword_handpicked,2025_03,235,underground,30,96,216.875904,216.91916,43.25600000001373,2025-03-22 05:14:26.875904000,stacks,18.824,216.937984,5022,1,1
inword_handpicked,2025_03,235,underground,30,96,223.576832,223.615616,38.7839999999926,2025-03-22 05:14:33.576832000,stacks,19.328000000000003,223.634944,5028,1,1
inword_handpicked,2025_03,235,underground,30,96,225.875584,225.955448,79.86399999998639,2025-03-22 05:14:35.875584000,stacks,18.311999999999998,225.97376,5031,1,1
inword_handpicked,2025_03,235,underground,30,96,226.815104,226.923648,108.54399999999487,2025-03-22 05:14:36.815104000,stacks,4.096,226.927744,5033,1,1
inword_handpicked,2025_03,235,underground,30,96,227.265536,227.334776,69.24000000000774,2025-03-22 05:14:37.265536000,stacks,20.488,227.355264,5034,1,1
inword_handpicked,2025_03,235,underground,30,96,227.827328,227.868152,40.82400000001485,2025-03-22 05:14:37.827328000,stacks,9.48,227.877632,5036,1,1
inword_handpicked,2025_03,235,underground,30,96,228.098432,228.126848,28.41599999999289,2025-03-22 05:14:38.098432000,stacks,4.736001,228.131584,5037,1,1
inword_handpicked,2025_03,235,underground,30,96,228.722816,228.7712,48.38399999999865,2025-03-22 05:14:38.722816000,stacks,23.808,228.795008,5039,1,1
inword_handpicked,2025_03,235,underground,30,96,229.640832,229.675896,35.064000000005535,2025-03-22 05:14:39.640832000,stacks,14.088,229.689984,5042,1,1
inword_handpicked,2025_03,235,underground,30,96,241.887872,241.927928,40.056000000021186,2025-03-22 05:14:51.887872000,stacks,12.168,241.940096,5051,1,1
inword_handpicked,2025_03,235,underground,30,96,243.188224,243.229432,41.20800000001168,2025-03-22 05:14:53.188224000,stacks,13.064,243.242496,5054,1,1
inword_handpicked,2025_03,235,underground,30,98,275.926912,275.968512,41.59999999995989,2025-03-22 05:27:25.926912000,stacks,47.999999,276.016512,5071,1,1
inword_handpicked,2025_03,235,underground,30,98,291.112064,291.137152,25.0880000000393,2025-03-22 05:27:41.112064000,stacks,32.256,291.169408,5074,1,1
inword_handpicked,2025_03,235,underground,30,98,302.471936,302.524152,52.21599999998716,2025-03-22 05:27:52.471936000,stacks,7.688001,302.53184,5081,1,1
inword_handpicked,2025_03,235,underground,30,98,328.64128,328.675712,34.431999999981144,2025-03-22 05:28:18.641280000,stacks,33.024,328.708736,5084,1,1
inword_handpicked,2025_03,235,underground,30,98,329.829376,329.872896,43.52000000000089,2025-03-22 05:28:19.829376000,stacks,2.048,329.874944,5085,1,1
inword_handpicked,2025_03,235,underground,30,98,335.97248,336.016768,44.287999999994554,2025-03-22 05:28:25.972480000,stacks,4.096,336.020864,5088,1,1
inword_handpicked,2025_03,235,underground,30,98,339.08608,339.154048,67.96800000000758,2025-03-22 05:28:29.086080000,stacks,6.144,339.160192,5089,1,1
inword_handpicked,2025_03,235,underground,30,98,345.29536,345.33184,36.47999999998319,2025-03-22 05:28:35.295360000,stacks,3.456,345.335296,5092,1,1
inword_handpicked,2025_03,235,underground,30,98,346.57664,346.602872,26.23199999999315,2025-03-22 05:28:36.576640000,stacks,14.088,346.61696,5093,1,1
inword_handpicked,2025_03,235,underground,30,98,347.159296,347.19308,33.78400000002557,2025-03-22 05:28:37.159296000,stacks,20.104,347.213184,5094,1,1
inword_handpicked,2025_03,235,underground,30,98,353.183872,353.231872,48.00000000000182,2025-03-22 05:28:43.183872000,stacks,1.536,353.233408,5097,1,1
inword_handpicked,2025_03,235,underground,30,99,1.573248,1.62636,53.11200000000005,2025-03-22 05:28:51.573248000,stacks,11.016,1.637376,5100,1,1
inword_handpicked,2025_03,235,underground,30,99,3.697792,3.747968,50.176,2025-03-22 05:28:53.697792000,stacks,20.608,3.768576,5103,1,1
inword_handpicked,2025_03,235,underground,30,99,34.744832,34.773496,28.663999999999135,2025-03-22 05:29:24.744832000,stacks,7.432,34.780928,5110,1,1
inword_handpicked,2025_03,235,underground,30,99,66.180736,66.193912,13.176000000001409,2025-03-22 05:29:56.180736000,stacks,37.768,66.23168,5115,1,1
inword_handpicked,2025_03,235,underground,30,99,66.801152,66.823936,22.78400000000147,2025-03-22 05:29:56.801152000,stacks,17.919999999999998,66.841856,5116,2,2
inword_handpicked,2025_03,235,underground,30,99,67.153792,67.175424,21.632000000010976,2025-03-22 05:29:57.153792000,stacks,33.024,67.208448,5117,1,1
inword_handpicked,2025_03,235,underground,30,99,67.788032,67.815808,27.77600000000291,2025-03-22 05:29:57.788032000,stacks,0.64,67.816448,5119,1,1
inword_handpicked,2025_03,235,underground,30,99,68.060416,68.101888,41.47199999999884,2025-03-22 05:29:58.060416000,stacks,0.128,68.102016,5120,1,1
inword_handpicked,2025_03,235,underground,30,99,68.712576,68.77644,63.86399999999526,2025-03-22 05:29:58.712576000,stacks,13.96,68.7904,5121,1,1
inword_handpicked,2025_03,235,underground,30,99,77.451392,77.482752,31.360000000006494,2025-03-22 05:30:07.451392000,stacks,34.303999000000005,77.517056,5127,1,1
inword_handpicked,2025_03,235,underground,30,99,79.933184,79.951232,18.04800000000739,2025-03-22 05:30:09.933184000,stacks,1.664,79.952896,5131,1,1
inword_handpicked,2025_03,235,underground,30,99,80.184448,80.221312,36.863999999994235,2025-03-22 05:30:10.184448000,stacks,25.343999999999998,80.246656,5132,1,1
inword_handpicked,2025_03,235,underground,30,99,80.87744,80.937848,60.407999999995354,2025-03-22 05:30:10.877440000,stacks,9.863999999999999,80.947712,5133,1,1
inword_handpicked,2025_03,235,underground,30,99,156.79616,156.81728,21.120000000024675,2025-03-22 05:31:26.796160000,stacks,2.56,156.81984,5141,1,1
inword_handpicked,2025_03,235,underground,30,100,79.42144,79.451384,29.944000000000415,2025-03-22 05:36:09.421440000,stacks,11.655999999999999,79.46304,5149,1,1
inword_handpicked,2025_03,235,underground,30,100,196.845184,196.86528,20.09600000002365,2025-03-22 05:38:06.845184000,stacks,23.424,196.888704,5151,1,1
inword_handpicked,2025_03,235,underground,30,103,247.545344,247.5968,51.45600000000172,2025-03-22 05:56:57.545344000,stacks,4.4799999999999995,247.60128,5192,1,1
inword_handpicked,2025_03,235,underground,30,103,248.455936,248.485504,29.567999999983385,2025-03-22 05:56:58.455936000,stacks,12.544,248.498048,5194,1,1
inword_handpicked,2025_03,235,underground,30,103,249.8048,249.864448,59.648000000009915,2025-03-22 05:56:59.804800000,stacks,21.248,249.885696,5196,1,1
inword_handpicked,2025_03,235,underground,30,103,255.81504,255.867648,52.60799999999222,2025-03-22 05:57:05.815040000,stacks,2.6879999999999997,255.870336,5208,1,1
inword_handpicked,2025_03,235,underground,30,103,256.444032,256.509568,65.5360000000087,2025-03-22 05:57:06.444032000,stacks,0.896,256.510464,5210,1,1
inword_handpicked,2025_03,235,underground,30,103,257.026296,257.072896,46.60000000001219,2025-03-22 05:57:07.026296000,stacks,0.256,257.073152,5212,1,1
inword_handpicked,2025_03,235,underground,30,103,260.818176,260.857728,39.55200000001469,2025-03-22 05:57:10.818176000,stacks,4.736,260.862464,5220,1,1
inword_handpicked,2025_03,235,underground,30,104,167.940352,167.989632,49.280000000010205,2025-03-22 06:01:37.940352000,stacks,1.024,167.990656,5224,1,1
inword_handpicked,2025_03,235,underground,30,104,171.947776,171.984512,36.735999999990554,2025-03-22 06:01:41.947776000,stacks,10.751999999999999,171.995264,5228,1,1
inword_handpicked,2025_03,235,underground,30,104,173.908608,174.036736,128.1280000000038,2025-03-22 06:01:43.908608000,stacks,0.896,174.037632,5230,1,1
inword_handpicked,2025_03,235,underground,30,104,195.639808,195.679744,39.93600000001152,2025-03-22 06:02:05.639808000,stacks,2.3040000000000003,195.682048,5234,1,1
inword_handpicked,2025_03,235,underground,30,104,196.891392,196.927608,36.21599999999603,2025-03-22 06:02:06.891392000,stacks,9.736,196.937344,5237,1,1
bout_member,2025_03,235,underground,30,105,296.682624,296.7328,50.17600000002176,2025-03-22 06:09:46.682624000,warble,97.024,,5259,8,9
bout_member,2025_03,235,underground,30,108,170.556672,170.597752,41.08000000002221,2025-03-22 06:25:40.556672000,warble,64.776,,5284,3,7
bout_member,2025_03,235,underground,30,111,172.270976,172.29888,27.90400000000659,2025-03-22 06:43:42.270976000,warble,79.488,,5335,2,7
bout_member,2025_03,235,underground,30,111,172.498816,172.546552,47.735999999986234,2025-03-22 06:43:42.498816000,warble,76.936,,5335,4,7
inword_handpicked,2025_03,235,underground,30,112,102.05824,102.099712,41.47199999999884,2025-03-22 06:48:32.058240000,stacks,42.624,102.142336,5349,1,1
bout_member,2025_03,235,arena_1,10,114,116.75776,116.806016,48.25599999999497,2025-03-22 07:00:46.757760000,warble,149.376,,1398,3,6
bout_member,2025_03,235,arena_1,10,114,117.14496,117.227136,82.17600000000402,2025-03-22 07:00:47.144960000,warble,160.64000000000001,,1398,5,6
bout_member,2025_03,235,arena_2,20,114,117.17248,117.227,54.52000000001078,2025-03-22 07:00:47.172480000,warble,146.696,,2685,4,5
bout_member,2025_03,235,arena_2,20,114,117.373696,117.407352,33.65600000000768,2025-03-22 07:00:47.373696000,high-freq,107.272,,2685,5,5
inword_handpicked,2025_03,235,arena_2,20,114,171.801856,171.822456,20.600000000001728,2025-03-22 07:01:41.801856000,stacks,24.968,171.847424,2687,1,1
bout_member,2025_03,235,underground,30,116,3.017856,3.12128,103.42399999999996,2025-03-22 07:10:53.017856000,warble,111.744,,5391,4,6
bout_member,2025_03,235,underground,30,116,3.233024,3.273728,40.70400000000029,2025-03-22 07:10:53.233024000,warble,90.24,,5391,5,6
bout_member,2025_03,235,underground,30,116,6.464896,6.526208,61.311999999999145,2025-03-22 07:10:56.464896000,warble,165.24800000000002,,5393,9,13
bout_member,2025_03,235,underground,30,116,6.984064,7.030904,46.83999999999955,2025-03-22 07:10:56.984064000,warble,150.28,,5393,11,13
inword_handpicked,2025_03,235,underground,30,117,190.063104,190.122232,59.12799999998697,2025-03-22 07:20:00.063103999,stacks,25.352,190.147584,5428,1,1
bout_member,2025_03,235,arena_1,10,117,347.132928,347.162232,29.304000000024644,2025-03-22 07:22:37.132927999,high-freq,1215.4959999999999,,1564,7,7
bout_member,2025_03,235,arena_1,10,120,51.88864,51.939328,50.688000000000955,2025-03-22 07:35:41.888640000,warble,77.568,,1617,2,5
bout_member,2025_03,235,arena_1,10,120,52.151808,52.176888,25.07999999999555,2025-03-22 07:35:42.151808000,warble,165.768,,1617,4,5
bout_member,2025_03,235,underground,30,121,210.03584,210.051456,15.615999999994301,2025-03-22 07:44:20.035840000,high-freq,74.624,,5447,1,5
bout_member,2025_03,235,underground,30,121,210.249472,210.275448,25.97600000001421,2025-03-22 07:44:20.249472000,warble,59.912,,5447,2,5
inword_handpicked,2025_03,235,underground,30,125,15.938048,15.984128,46.0799999999999,2025-03-22 08:05:05.938048000,stacks,0.64,15.984768,5496,2,2
bout_member,2025_03,235,arena_1,10,129,349.27296,349.313784,40.82399999998643,2025-03-22 08:34:39.272960000,warble,62.343999999999994,,1735,1,5
bout_member,2025_03,235,underground,30,130,36.582272,36.638072,55.79999999999785,2025-03-22 08:35:26.582272000,warble,105.224,,5546,4,6
bout_member,2025_03,235,underground,30,130,36.89472,36.936064,41.34400000000227,2025-03-22 08:35:26.894720000,high-freq,257.152,,5546,6,6
bout_member,2025_03,235,arena_1,10,130,60.945024,60.99084,45.81600000000208,2025-03-22 08:35:50.945024000,warble,175.112,,1750,3,6
bout_member,2025_03,235,arena_1,10,130,63.619968,63.633784,13.815999999998496,2025-03-22 08:35:53.619968000,warble,95.368,,1752,5,6
bout_member,2025_03,235,underground,30,130,94.998656,95.047808,49.152000000006524,2025-03-22 08:36:24.998656000,warble,86.272,,5560,3,8
bout_member,2025_03,235,arena_1,10,131,220.26432,220.38476,120.4400000000021,2025-03-22 08:44:30.264320000,warble,82.568,,1804,3,10
bout_member,2025_03,235,arena_1,10,131,220.564864,220.618752,53.8880000000006,2025-03-22 08:44:30.564864000,warble,81.92,,1804,5,10
bout_member,2025_03,235,underground,30,134,198.32,198.344952,24.952000000013186,2025-03-22 09:02:08.320000000,warble,75.91199999999999,,5637,3,11
bout_member,2025_03,235,underground,30,134,198.595072,198.647544,52.472000000022945,2025-03-22 09:02:08.595072000,warble,66.18400000000001,,5637,5,11
bout_member,2025_03,235,underground,30,134,199.003904,199.02988,25.97599999998579,2025-03-22 09:02:09.003904000,warble,78.60000000000001,,5637,8,11
bout_member,2025_03,235,underground,30,134,202.932608,203.022592,89.98400000001539,2025-03-22 09:02:12.932608000,warble,91.00800000000001,,5640,9,11
bout_member,2025_03,235,underground,30,134,205.4656,205.501688,36.08800000000656,2025-03-22 09:02:15.465600000,warble,112.39200000000001,,5642,6,7
bout_member,2025_03,235,underground,30,134,208.582144,208.665592,83.44800000000419,2025-03-22 09:02:18.582144000,warble,138.888,,5647,6,7
inword_handpicked,2025_03,235,underground,30,136,165.640832,165.680896,40.06400000000099,2025-03-22 09:13:35.640832000,stacks,49.92,165.730816,5695,1,1
inword_handpicked,2025_03,235,underground,30,136,167.293184,167.332984,39.800000000013824,2025-03-22 09:13:37.293184000,stacks,7.047999999999999,167.340032,5697,1,1
inword_handpicked,2025_03,235,underground,30,136,181.826176,181.847168,20.992000000006783,2025-03-22 09:13:51.826176000,stacks,24.32,181.871488,5713,1,1
inword_handpicked,2025_03,235,underground,30,136,182.1952,182.22336,28.16000000001395,2025-03-22 09:13:52.195200000,stacks,1.408,182.224768,5714,1,1
bout_member,2025_03,235,underground,30,136,200.842624,200.901368,58.74399999999014,2025-03-22 09:14:10.842624000,warble,161.28799999999998,,5731,2,9
bout_member,2025_03,235,underground,30,136,201.679488,201.708536,29.048000000017282,2025-03-22 09:14:11.679488000,warble,92.55199999999999,,5731,7,9
inword_handpicked,2025_03,235,underground,30,136,207.60384,207.631232,27.39200000002029,2025-03-22 09:14:17.603840000,stacks,12.032,207.643264,5737,1,1
inword_handpicked,2025_03,235,underground,30,139,101.091712,101.148672,56.960000000003674,2025-03-22 09:30:31.091712000,stacks,14.72,101.163392,5778,1,1
bout_member,2025_03,235,underground,30,139,103.564544,103.594368,29.824000000004958,2025-03-22 09:30:33.564544000,warble,90.752,,5781,3,5
bout_member,2025_03,235,underground,30,139,104.391296,104.438136,46.8400000000031,2025-03-22 09:30:34.391296000,warble,71.176,,5782,3,6
bout_member,2025_03,235,underground,30,139,104.509312,104.549376,40.06400000000099,2025-03-22 09:30:34.509312000,warble,65.152,,5782,4,6
bout_member,2025_03,235,underground,30,139,104.72192,104.75008,28.15999999999974,2025-03-22 09:30:34.721920000,high-freq,236.416,,5782,6,6
bout_member,2025_03,235,underground,30,139,106.439808,106.48972,49.912000000006174,2025-03-22 09:30:36.439808000,warble,87.048,,5783,8,13
bout_member,2025_03,235,underground,30,139,107.115776,107.144832,29.055999999997084,2025-03-22 09:30:37.115776000,warble,429.568,,5783,13,13
inword_handpicked,2025_03,235,underground,30,139,116.421504,116.457464,35.96000000000288,2025-03-22 09:30:46.421504000,stacks,41.352,116.498816,5791,1,1
inword_handpicked,2025_03,235,underground,30,139,117.809792,117.874304,64.51199999999346,2025-03-22 09:30:47.809792000,stacks,21.631999999999998,117.895936,5793,1,1
inword_handpicked,2025_03,235,underground,30,139,119.740672,119.77152,30.84799999999177,2025-03-22 09:30:49.740672000,stacks,6.528,119.778048,5795,2,2
inword_handpicked,2025_03,235,underground,30,139,141.755392,141.788416,33.02400000001171,2025-03-22 09:31:11.755392000,stacks,0.256,141.788672,5819,1,2
inword_handpicked,2025_03,235,underground,30,139,142.86912,142.9056,36.47999999998319,2025-03-22 09:31:12.869120000,stacks,1.792,142.907392,5822,1,2
inword_handpicked,2025_03,235,underground,30,139,180.966272,181.02016,53.8880000000006,2025-03-22 09:31:50.966272000,stacks,2.432,181.022592,5873,1,1
inword_handpicked,2025_03,235,underground,30,139,190.200704,190.226176,25.47200000000771,2025-03-22 09:32:00.200704000,stacks,16.639999999999997,190.242816,5887,2,2
inword_handpicked,2025_03,235,underground,30,139,190.55616,190.578944,22.78400000000147,2025-03-22 09:32:00.556160000,stacks,17.663999999999998,190.596608,5888,1,1
inword_handpicked,2025_03,235,underground,30,140,34.415488,34.431616,16.127999999994813,2025-03-22 09:35:24.415488000,stacks,33.279999999999994,34.464896,5956,1,1
inword_handpicked,2025_03,235,underground,30,142,320.998912,321.040256,41.34399999998095,2025-03-22 09:52:10.998912000,stacks,6.656,321.046912,5995,1,1
inword_handpicked,2025_03,235,underground,30,143,21.59744,21.614848,17.407999999999646,2025-03-22 09:53:11.597440000,stacks,15.616,21.630464,6017,1,1
inword_handpicked,2025_03,235,underground,30,143,21.92448,21.957752,33.27200000000019,2025-03-22 09:53:11.924480000,stacks,28.168,21.98592,6018,1,1
inword_handpicked,2025_03,235,underground,30,143,28.154112,28.201208,47.095999999999805,2025-03-22 09:53:18.154112000,stacks,20.872,28.22208,6028,1,1
inword_handpicked,2025_03,235,underground,30,143,28.474752,28.506104,31.352000000001823,2025-03-22 09:53:18.474752000,stacks,34.824,28.540928,6029,1,1
inword_handpicked,2025_03,235,underground,30,143,32.65856,32.685824,27.263999999995292,2025-03-22 09:53:22.658560000,stacks,9.088000000000001,32.694912,6032,1,2
inword_handpicked,2025_03,235,underground,30,143,41.326848,41.387768,60.92000000000297,2025-03-22 09:53:31.326848000,stacks,16.648,41.404416,6043,1,1
inword_handpicked,2025_03,235,underground,30,143,60.5024,60.548352,45.95199999999977,2025-03-22 09:53:50.502399999,stacks,11.136,60.559488,6062,1,1
inword_handpicked,2025_03,235,underground,30,143,64.288376,64.366336,77.96000000000447,2025-03-22 09:53:54.288376000,stacks,1.792,64.368128,6067,1,1
inword_handpicked,2025_03,235,underground,30,143,68.101376,68.133496,32.11999999999193,2025-03-22 09:53:58.101376000,stacks,19.08,68.152576,6072,1,1
inword_handpicked,2025_03,235,underground,30,143,112.62592,112.665984,40.06400000000099,2025-03-22 09:54:42.625920000,stacks,20.096,112.68608,6083,1,1
inword_handpicked,2025_03,235,underground,30,143,118.045696,118.115712,70.01599999999542,2025-03-22 09:54:48.045696000,stacks,41.216,118.156928,6093,1,1
inword_handpicked,2025_03,235,underground,30,143,118.762112,118.828032,65.91999999999132,2025-03-22 09:54:48.762112000,stacks,1.28,118.829312,6095,1,1
inword_handpicked,2025_03,235,underground,30,145,299.363968,299.394176,30.208000000016,2025-03-22 10:09:49.363968000,stacks,3.072,299.397248,6114,1,1
bout_member,2025_03,235,underground,30,150,41.877632,42.007552,129.91999999999848,2025-03-22 10:35:31.877632000,warble,179.2,,6127,4,5
inword_handpicked,2025_03,235,underground,30,152,131.2768,131.325952,49.15199999999231,2025-03-22 10:49:01.276800000,stacks,17.663999999999998,131.343616,6183,1,2
inword_handpicked,2025_03,235,underground,30,152,131.474176,131.49824,24.064000000009855,2025-03-22 10:49:01.474176000,stacks,3.456,131.501696,6183,2,2
inword_handpicked,2025_03,235,underground,30,152,131.546112,131.579776,33.6640000000159,2025-03-22 10:49:01.546112000,stacks,28.8,131.608576,6184,1,1
inword_handpicked,2025_03,235,underground,30,154,166.092032,166.206592,114.56000000001154,2025-03-22 11:01:36.092032000,stacks,36.224,166.242816,6228,1,1
inword_handpicked,2025_03,235,underground,30,154,170.305664,170.357888,52.223999999995385,2025-03-22 11:01:40.305664000,stacks,23.168000000000003,170.381056,6233,3,3
inword_handpicked,2025_03,235,underground,30,154,180.941568,180.966144,24.576000000024578,2025-03-22 11:01:50.941568000,stacks,2.176,180.96832,6239,1,1
inword_handpicked,2025_03,235,underground,30,154,181.315328,181.357696,42.3680000000104,2025-03-22 11:01:51.315328000,stacks,8.576,181.366272,6240,1,1
inword_handpicked,2025_03,235,underground,30,154,191.188224,191.264,75.77600000001894,2025-03-22 11:02:01.188224000,stacks,6.656,191.270656,6246,1,1
inword_handpicked,2025_03,235,underground,30,154,192.358912,192.447872,88.95999999998594,2025-03-22 11:02:02.358912000,stacks,4.096,192.451968,6248,1,1
inword_handpicked,2025_03,235,underground,30,154,198.881792,198.895224,13.432000000022981,2025-03-22 11:02:08.881792000,stacks,38.408,198.933632,6257,1,1
inword_handpicked,2025_03,235,underground,30,154,211.866368,211.898488,32.11999999999193,2025-03-22 11:02:21.866368000,stacks,11.912,211.9104,6263,1,1
inword_handpicked,2025_03,235,underground,30,154,215.707136,215.8048,97.66400000000885,2025-03-22 11:02:25.707136000,stacks,12.671999999999999,215.817472,6266,1,1
inword_handpicked,2025_03,235,underground,30,154,219.631616,219.671808,40.19199999999046,2025-03-22 11:02:29.631616000,stacks,0.128,219.671936,6268,2,2
inword_handpicked,2025_03,235,underground,30,155,84.903296,84.935424,32.128000000000156,2025-03-22 11:06:14.903296000,stacks,8.704,84.944128,6305,1,1
inword_handpicked,2025_03,235,underground,30,155,151.342848,151.385728,42.8799999999967,2025-03-22 11:07:21.342848000,stacks,0.256,151.385984,6330,1,1
inword_handpicked,2025_03,235,underground,30,155,239.793024,239.845624,52.59999999998399,2025-03-22 11:08:49.793024000,stacks,5.128,239.850752,6332,1,1
inword_handpicked,2025_03,235,underground,30,156,250.640768,250.671104,30.33600000000547,2025-03-22 11:15:00.640768000,stacks,4.352,250.675456,6349,1,1
inword_handpicked,2025_03,235,underground,30,156,253.611904,253.675904,63.99999999999295,2025-03-22 11:15:03.611904000,stacks,2.432,253.678336,6352,1,1
inword_handpicked,2025_03,235,underground,30,156,265.141504,265.219704,78.19999999998117,2025-03-22 11:15:15.141504000,stacks,5.256,265.22496,6358,1,2
inword_handpicked,2025_03,235,underground,30,156,281.9584,282.022648,64.24800000002051,2025-03-22 11:15:31.958400000,stacks,7.047999999999999,282.029696,6371,1,1
inword_handpicked,2025_03,235,underground,30,156,284.920832,284.955136,34.30399999996325,2025-03-22 11:15:34.920832000,stacks,25.472,284.980608,6373,1,1
inword_handpicked,2025_03,235,underground,30,156,287.906432,287.950592,44.15999999997666,2025-03-22 11:15:37.906432000,stacks,2.816,287.953408,6376,1,1
inword_handpicked,2025_03,235,underground,30,156,301.261696,301.28768,25.984000000050855,2025-03-22 11:15:51.261695999,stacks,19.968,301.307648,6390,1,1
inword_handpicked,2025_03,235,underground,30,156,302.805248,302.89664,91.39199999998482,2025-03-22 11:15:52.805248000,stacks,15.872,302.912512,6392,1,1
inword_handpicked,2025_03,235,underground,30,156,315.516544,315.578368,61.82400000000143,2025-03-22 11:16:05.516544000,stacks,3.2,315.581568,6401,1,1
inword_handpicked,2025_03,235,underground,30,156,328.029952,328.080896,50.94400000001542,2025-03-22 11:16:18.029952000,stacks,19.712,328.100608,6412,1,1
inword_handpicked,2025_03,235,underground,30,156,333.381632,333.430656,49.02399999997442,2025-03-22 11:16:23.381632000,stacks,20.864,333.45152,6416,1,1
inword_handpicked,2025_03,235,underground,30,156,334.401792,334.482432,80.6400000000167,2025-03-22 11:16:24.401792000,stacks,14.848,334.49728,6418,1,1
inword_handpicked,2025_03,235,underground,30,156,342.666368,342.747128,80.75999999999794,2025-03-22 11:16:32.666368000,stacks,16.52,342.763648,6422,1,1
inword_handpicked,2025_03,235,underground,30,156,344.086528,344.145664,59.136000000023614,2025-03-22 11:16:34.086528000,stacks,7.680000000000001,344.153344,6425,1,1
inword_handpicked,2025_03,235,underground,30,157,294.730496,294.804736,74.23999999997477,2025-03-22 11:21:44.730496000,stacks,0.256,294.804992,6471,1,1
inword_handpicked,2025_03,235,underground,30,157,296.796288,296.883968,87.67999999997755,2025-03-22 11:21:46.796288000,stacks,14.848,296.898816,6475,1,1
inword_handpicked,2025_03,235,underground,30,158,31.800832,31.837824,36.99200000000147,2025-03-22 11:23:21.800832000,stacks,37.248000000000005,31.875072,6512,1,1
inword_handpicked,2025_03,235,underground,30,158,32.85632,32.898944,42.62400000000355,2025-03-22 11:23:22.856320000,stacks,3.584,32.902528,6514,2,2
inword_handpicked,2025_03,235,underground,30,158,34.05632,34.128256,71.93600000000089,2025-03-22 11:23:24.056320000,stacks,46.080000000000005,34.174336,6516,1,1
inword_handpicked,2025_03,235,underground,30,158,46.605312,46.642816,37.50400000000553,2025-03-22 11:23:36.605312000,stacks,1.536,46.644352,6526,1,1
inword_handpicked,2025_03,235,underground,30,158,49.503488,49.592312,88.82400000000246,2025-03-22 11:23:39.503488000,stacks,21.0,49.613312,6529,1,1
inword_handpicked,2025_03,235,underground,30,158,59.095424,59.127808,32.38400000000041,2025-03-22 11:23:49.095424000,stacks,12.16,59.139968,6535,1,1
inword_handpicked,2025_03,235,underground,30,158,79.981568,80.001656,20.088000000001216,2025-03-22 11:24:09.981568000,stacks,1.544,80.0032,6549,1,1
inword_handpicked,2025_03,235,underground,30,158,80.21952,80.246528,27.007999999995036,2025-03-22 11:24:10.219520000,stacks,47.36,80.293888,6550,1,1
inword_handpicked,2025_03,235,underground,30,158,89.832576,89.881472,48.89599999999916,2025-03-22 11:24:19.832576000,stacks,4.352,89.885824,6556,1,1
inword_handpicked,2025_03,235,underground,30,158,243.012736,243.040384,27.64799999999923,2025-03-22 11:26:53.012736000,stacks,3.968,243.044352,6571,1,1
inword_handpicked,2025_03,235,underground,30,158,243.379968,243.436928,56.960000000003674,2025-03-22 11:26:53.379968000,stacks,14.72,243.451648,6572,1,1
inword_handpicked,2025_03,235,underground,30,158,243.942656,243.96992,27.264000000002397,2025-03-22 11:26:53.942656000,stacks,15.104,243.985024,6573,1,1
inword_handpicked,2025_03,235,underground,30,158,244.28032,244.333952,53.63200000002166,2025-03-22 11:26:54.280320000,stacks,5.3759999999999994,244.339328,6574,1,1
inword_handpicked,2025_03,235,underground,30,158,244.83008,244.861184,31.103999999999132,2025-03-22 11:26:54.830080000,stacks,22.4,244.883584,6575,2,2
inword_handpicked,2025_03,235,underground,30,158,245.15584,245.19628,40.439999999989595,2025-03-22 11:26:55.155840000,stacks,17.544,245.213824,6576,1,1
inword_handpicked,2025_03,235,underground,30,158,245.605632,245.65952,53.88799999997218,2025-03-22 11:26:55.605632000,stacks,10.88,245.6704,6577,1,1
inword_handpicked,2025_03,235,underground,30,158,251.267328,251.33004,62.712000000004764,2025-03-22 11:27:01.267328000,stacks,24.2,251.35424,6585,1,2
inword_handpicked,2025_03,235,underground,30,159,36.004224,36.026112,21.88799999999702,2025-03-22 11:29:26.004224000,stacks,25.6,36.051712,6600,1,1
inword_handpicked,2025_03,235,underground,30,159,180.640128,180.661632,21.503999999993084,2025-03-22 11:31:50.640128000,stacks,2.944,180.664576,6643,1,1
inword_handpicked,2025_03,235,underground,30,159,345.555456,345.581432,25.97600000001421,2025-03-22 11:34:35.555456000,stacks,37.0,345.618432,6649,1,1
inword_handpicked,2025_03,237,underground,30,0,1.102976,1.147264,44.2880000000001,2025-03-22 12:15:49.102976000,stacks,12.16,1.159424,9075,1,1
inword_handpicked,2025_03,237,underground,30,0,31.873024,31.91564,42.61599999999888,2025-03-22 12:16:19.873024000,stacks,10.248,31.925888,9082,1,1
inword_handpicked,2025_03,237,underground,30,0,91.133056,91.203192,70.13600000000508,2025-03-22 12:17:19.133056000,stacks,19.464,91.222656,9089,1,1
inword_handpicked,2025_03,237,underground,30,0,95.151232,95.178488,27.256000000008385,2025-03-22 12:17:23.151232000,stacks,15.879999999999999,95.194368,9093,1,1
inword_handpicked,2025_03,237,underground,30,0,97.417856,97.46816,50.30399999999702,2025-03-22 12:17:25.417856000,stacks,18.688,97.486848,9095,1,1
inword_handpicked,2025_03,237,underground,30,0,169.859072,169.903096,44.02400000000739,2025-03-22 12:18:37.859072000,stacks,42.248,169.945344,9100,1,1
inword_handpicked,2025_03,237,underground,30,0,186.11136,186.15948,48.12000000001149,2025-03-22 12:18:54.111360000,stacks,27.016,186.186496,9107,1,1
inword_handpicked,2025_03,237,underground,30,0,264.523648,264.555904,32.25600000001805,2025-03-22 12:20:12.523648000,stacks,6.656,264.56256,9113,1,1
inword_handpicked,2025_03,237,underground,30,1,184.50688,184.545656,38.7760000000128,2025-03-22 12:24:52.506880000,stacks,17.8,184.563456,9118,1,1
inword_handpicked,2025_03,237,underground,30,2,213.453056,213.507968,54.912000000001626,2025-03-22 12:31:21.453056000,stacks,8.959999999999999,213.516928,9123,1,1
inword_handpicked,2025_03,237,underground,30,2,253.156096,253.17888,22.78400000000147,2025-03-22 12:32:01.156096000,stacks,5.5040000000000004,253.184384,9125,1,1
inword_handpicked,2025_03,237,underground,30,2,276.92736,276.953848,26.48799999997209,2025-03-22 12:32:24.927360000,stacks,43.656,276.997504,9128,1,1
inword_handpicked,2025_03,237,underground,30,2,277.632768,277.657984,25.21600000000035,2025-03-22 12:32:25.632768000,stacks,43.392,277.701376,9129,1,1
inword_handpicked,2025_03,237,underground,30,2,278.40704,278.468608,61.568000000022494,2025-03-22 12:32:26.407040000,stacks,29.184,278.497792,9130,1,1
inword_handpicked,2025_03,237,underground,30,2,282.4288,282.455296,26.49599999995189,2025-03-22 12:32:30.428800000,stacks,12.288,282.467584,9132,1,1
bout_member,2025_03,237,underground,30,5,109.555968,109.615616,59.648000000009915,2025-03-22 12:47:37.555968000,warble,80.384,,9146,4,7
bout_member,2025_03,237,underground,30,5,109.696,109.731576,35.57600000000605,2025-03-22 12:47:37.696000000,warble,82.056,,9146,5,7
bout_member,2025_03,237,underground,30,15,33.243392,33.28012,36.72799999999654,2025-03-22 13:46:21.243392000,warble,83.464,,9225,6,7
bout_member,2025_03,237,underground,30,19,124.848512,124.879864,31.35199999999827,2025-03-22 14:11:52.848512000,warble,97.16,,9243,2,5
bout_member,2025_03,237,underground,30,19,125.927552,125.972608,45.05599999998822,2025-03-22 14:11:53.927552000,warble,87.16799999999999,,9245,2,7
bout_member,2025_03,237,underground,30,19,126.059776,126.087544,27.767999999994686,2025-03-22 14:11:54.059776000,warble,110.984,,9245,3,7
bout_member,2025_03,237,underground,30,19,126.33472,126.355448,20.727999999991198,2025-03-22 14:11:54.334720000,warble,179.848,,9245,5,7
bout_member,2025_03,237,underground,30,31,150.339968,150.397304,57.33599999999228,2025-03-22 15:24:18.339968000,warble,82.056,,9339,1,5
bout_member,2025_03,237,underground,30,39,32.989312,33.080312,91.00000000000108,2025-03-22 16:10:20.989312000,warble,148.488,,9530,7,9
bout_member,2025_03,237,underground,30,39,33.2288,33.327992,99.19200000000217,2025-03-22 16:10:21.228800000,warble,195.976,,9530,8,9
bout_member,2025_03,237,underground,30,39,33.523968,33.608192,84.22399999999897,2025-03-22 16:10:21.523968000,high-freq,125.18399999999998,,9530,9,9
bout_member,2025_03,237,arena_2,20,46,24.935296,24.959744,24.44799999999958,2025-03-22 16:52:12.935296000,warble,86.01599999999999,,8000,3,5
bout_member,2025_03,237,arena_2,20,46,25.04576,25.099512,53.751999999999356,2025-03-22 16:52:13.045760000,warble,70.79199999999999,,8000,4,5
bout_member,2025_03,237,arena_2,20,46,25.170304,25.22572,55.41599999999747,2025-03-22 16:52:13.170304000,warble,644.232,,8000,5,5
bout_member,2025_03,237,arena_1,10,48,139.226368,139.27552,49.15199999999231,2025-03-22 17:06:07.226368000,warble,190.592,,6684,1,8
bout_member,2025_03,237,arena_1,10,48,139.466112,139.515512,49.39999999999145,2025-03-22 17:06:07.466112000,warble,60.424,,6684,2,8
bout_member,2025_03,237,arena_1,10,48,139.676032,139.749248,73.21600000000217,2025-03-22 17:06:07.676032000,warble,90.24,,6684,4,8
bout_member,2025_03,237,arena_2,20,48,139.838592,139.901944,63.351999999980535,2025-03-22 17:06:07.838592000,warble,204.68,,8033,5,5
bout_member,2025_03,237,underground,30,48,309.750528,309.857664,107.13600000002543,2025-03-22 17:08:57.750528000,warble,109.44,,9788,9,11
bout_member,2025_03,237,underground,30,48,310.696448,310.827264,130.81600000003846,2025-03-22 17:08:58.696448000,warble,85.888,,9790,3,5
bout_member,2025_03,237,underground,30,63,5.2384,5.458432,220.03199999999978,2025-03-22 18:33:53.238400000,warble,155.648,,10248,2,5
bout_member,2025_03,237,underground,30,63,5.875456,6.024064,148.6080000000003,2025-03-22 18:33:53.875456000,warble,199.168,,10248,4,5
bout_member,2025_03,237,underground,30,73,26.373376,26.428032,54.65600000000137,2025-03-22 19:34:14.373376000,warble,103.424,,10506,1,6
bout_member,2025_03,237,underground,30,99,59.398016,59.442176,44.160000000005084,2025-03-22 22:10:47.398016000,warble,135.80800000000002,,10840,1,9
bout_member,2025_03,237,underground,30,99,59.828864,59.992184,163.3199999999988,2025-03-22 22:10:47.828864000,warble,164.616,,10840,3,9
bout_member,2025_03,237,underground,30,99,60.1568,60.250104,93.30400000000338,2025-03-22 22:10:48.156800000,warble,156.424,,10840,4,9
bout_member,2025_03,237,underground,30,99,61.232896,61.38624,153.34400000000414,2025-03-22 22:10:49.232896000,warble,166.272,,10840,8,9
bout_member,2025_03,237,underground,30,99,65.75488,65.85484,99.95999999999583,2025-03-22 22:10:53.754880000,warble,167.048,,10849,2,5
bout_member,2025_03,237,underground,30,183,46.248576,46.299384,50.80800000000352,2025-03-23 06:34:34.248576000,warble,60.68,,12334,1,5
bout_member,2025_03,237,underground,30,183,48.718592,48.767608,49.016000000001725,2025-03-23 06:34:36.718592000,warble,207.368,,12335,6,6
bout_member,2025_03,237,underground,30,183,151.791232,151.841528,50.296000000003005,2025-03-23 06:36:19.791232000,warble,130.56799999999998,,12406,3,5
bout_member,2025_03,237,arena_2,20,194,40.496,40.566016,70.01599999999542,2025-03-23 07:40:28.496000000,high-freq,91.52000000000001,,8206,3,6
bout_member,2025_03,237,arena_2,20,194,41.389312,41.451904,62.5920000000022,2025-03-23 07:40:29.389312000,warble,196.992,,8207,2,8
bout_member,2025_03,237,arena_2,20,195,152.192896,152.265728,72.83200000000534,2025-03-23 07:48:20.192896000,warble,121.984,,8230,2,6
bout_member,2025_03,237,arena_2,20,195,153.196544,153.257336,60.79200000002061,2025-03-23 07:48:21.196544000,warble,70.408,,8231,1,6
bout_member,2025_03,237,arena_2,20,195,153.647488,153.697272,49.78399999998828,2025-03-23 07:48:21.647488000,warble,67.72,,8231,3,6
bout_member,2025_03,237,arena_2,20,195,279.373952,279.398648,24.696000000005824,2025-03-23 07:50:27.373952000,warble,173.57600000000002,,8247,6,7
bout_member,2025_03,237,arena_2,20,196,184.796032,184.830456,34.42400000000134,2025-03-23 07:54:52.796032000,warble,129.16,,8310,1,8
bout_member,2025_03,237,arena_2,20,196,185.584896,185.608696,23.800000000022692,2025-03-23 07:54:53.584896000,warble,99.208,,8310,7,8
bout_member,2025_03,237,arena_1,10,196,187.682048,187.707136,25.087999999982458,2025-03-23 07:54:55.682048000,warble,81.408,,7034,3,10
bout_member,2025_03,237,arena_2,20,196,187.793536,187.8254,31.864000000012993,2025-03-23 07:54:55.793536000,warble,74.24799999999999,,8312,1,7
bout_member,2025_03,237,arena_1,10,196,188.178304,188.243064,64.76000000000681,2025-03-23 07:54:56.178304000,warble,89.224,,7034,7,10
bout_member,2025_03,237,arena_2,20,196,188.2112,188.238328,27.128000000004704,2025-03-23 07:54:56.211200000,warble,85.512,,8312,4,7
bout_member,2025_03,237,arena_1,10,196,188.332288,188.379648,47.359999999997626,2025-03-23 07:54:56.332288000,warble,67.328,,7034,8,10
bout_member,2025_03,237,arena_1,10,196,189.331968,189.37728,45.312000000024,2025-03-23 07:54:57.331968000,warble,146.56,,7036,1,9
bout_member,2025_03,237,arena_1,10,196,190.122368,190.195576,73.20799999999394,2025-03-23 07:54:58.122368000,warble,124.296,,7036,5,9
bout_member,2025_03,237,arena_1,10,196,190.615168,190.68864,73.47199999998111,2025-03-23 07:54:58.615168000,warble,99.84,,7036,8,9
bout_member,2025_03,237,arena_2,20,196,207.52832,207.55468,26.35999999998262,2025-03-23 07:55:15.528320000,warble,62.855999999999995,,8326,1,5
bout_member,2025_03,237,arena_1,10,197,86.342528,86.39488,52.351999999999066,2025-03-23 07:59:14.342528000,warble,132.864,,7094,1,7
bout_member,2025_03,237,arena_1,10,197,86.718976,86.753144,34.16800000000819,2025-03-23 07:59:14.718976000,warble,112.90400000000001,,7094,3,7
bout_member,2025_03,237,arena_1,10,197,87.091584,87.15276,61.17600000000323,2025-03-23 07:59:15.091584000,warble,61.576,,7094,5,7
bout_member,2025_03,237,arena_1,10,197,87.345152,87.368824,23.6720000000048,2025-03-23 07:59:15.345152000,high-freq,498.69599999999997,,7094,7,7
bout_member,2025_03,237,arena_2,20,198,3.808,3.834872,26.872000000000007,2025-03-23 08:03:51.808000000,warble,134.792,,8381,1,7
bout_member,2025_03,237,arena_2,20,198,10.484352,10.500344,15.992000000000672,2025-03-23 08:03:58.484352000,warble,97.928,,8387,4,6
bout_member,2025_03,237,arena_1,10,198,31.548288,31.59116,42.87199999999913,2025-03-23 08:04:19.548288000,warble,108.808,,7140,2,5
inword_handpicked,2025_03,237,arena_2,20,198,331.06048,331.082104,21.624000000031174,2025-03-23 08:09:19.060480000,stacks,34.824,331.116928,8437,1,1
bout_member,2025_03,237,arena_1,10,198,345.100672,345.146752,46.08000000001766,2025-03-23 08:09:33.100672000,high-freq,122.88000000000001,,7174,5,5
bout_member,2025_03,237,arena_1,10,199,277.951104,278.00064,49.535999999989144,2025-03-23 08:14:25.951104000,warble,110.208,,7220,3,6
bout_member,2025_03,237,underground,30,206,160.070144,160.107768,37.623999999993885,2025-03-23 08:54:28.070144000,warble,143.496,,12686,2,7
bout_member,2025_03,237,underground,30,206,160.510848,160.542336,31.487999999995964,2025-03-23 08:54:28.510847999,warble,184.448,,12686,4,7
bout_member,2025_03,237,underground,30,206,161.136,161.168768,32.76800000000435,2025-03-23 08:54:29.136000000,high-freq,5516.416,,12686,7,7
bout_member,2025_03,237,underground,30,214,72.869504,72.902648,33.14399999999296,2025-03-23 09:41:00.869504000,warble,106.12,,12784,6,7
bout_member,2025_03,237,underground,30,214,73.008768,73.154304,145.53599999999278,2025-03-23 09:41:01.008768000,high-freq,95.36,,12784,7,7
bout_member,2025_03,237,underground,30,214,74.706304,74.744056,37.751999999997565,2025-03-23 09:41:02.706304000,warble,102.152,,12787,2,5
bout_member,2025_03,237,arena_1,10,214,311.675904,311.708792,32.88800000001402,2025-03-23 09:44:59.675904000,warble,143.496,,7432,3,5
bout_member,2025_03,237,arena_1,10,214,311.852288,311.864824,12.536000000011427,2025-03-23 09:44:59.852288000,warble,117.64,,7432,4,5
bout_member,2025_03,237,arena_2,20,215,45.57632,45.610488,34.16799999999398,2025-03-23 09:46:33.576320000,warble,156.93599999999998,,8603,2,5
bout_member,2025_03,237,arena_1,10,215,79.83936,79.86444,25.080000000002656,2025-03-23 09:47:07.839360000,warble,73.864,,7451,2,5
bout_member,2025_03,237,arena_1,10,215,80.04096,80.084216,43.25599999999952,2025-03-23 09:47:08.040960000,warble,79.88000000000001,,7451,4,5
bout_member,2025_03,237,arena_1,10,215,80.164096,80.184952,20.85599999999488,2025-03-23 09:47:08.164096000,warble,4687.496,,7451,5,5
bout_member,2025_03,237,underground,30,215,81.566592,81.631864,65.27199999999311,2025-03-23 09:47:09.566592000,warble,61.448,,12802,3,7
bout_member,2025_03,237,underground,30,215,81.949312,81.989496,40.183999999996445,2025-03-23 09:47:09.949312000,warble,98.952,,12802,6,7
bout_member,2025_03,237,arena_1,10,215,293.462784,293.530368,67.58400000001075,2025-03-23 09:50:41.462784000,warble,75.392001,,7464,1,5
bout_member,2025_03,237,arena_1,10,215,294.053888,294.10636,52.472000000022945,2025-03-23 09:50:42.053888000,warble,297.35200000000003,,7464,5,5
bout_member,2025_03,237,arena_1,10,215,295.066112,295.091192,25.080000000002656,2025-03-23 09:50:43.066112000,warble,135.94400000000002,,7465,5,12
bout_member,2025_03,237,arena_1,10,215,295.227136,295.302776,75.64000000002125,2025-03-23 09:50:43.227136000,warble,77.44800000000001,,7465,6,12
bout_member,2025_03,237,arena_1,10,215,295.380224,295.424504,44.28000000001475,2025-03-23 09:50:43.380224000,warble,60.424,,7465,7,12
bout_member,2025_03,237,arena_1,10,215,295.745792,295.802368,56.57600000000684,2025-03-23 09:50:43.745792000,warble,157.952,,7465,10,12
bout_member,2025_03,237,arena_1,10,216,225.657472,225.694712,37.23999999999705,2025-03-23 09:55:33.657472000,warble,74.376,,7487,2,6
bout_member,2025_03,237,arena_1,10,216,230.105984,230.184056,78.0719999999917,2025-03-23 09:55:38.105984000,warble,89.60799999999999,,7494,1,7
bout_member,2025_03,237,arena_1,10,216,231.572224,231.602424,30.200000000007776,2025-03-23 09:55:39.572224000,warble,123.656,,7495,2,5
bout_member,2025_03,237,arena_1,10,216,235.531264,235.599224,67.95999999999935,2025-03-23 09:55:43.531263999,warble,132.87199999999999,,7499,4,5
bout_member,2025_03,237,underground,30,241,87.643264,87.669376,26.111999999997693,2025-03-23 12:23:15.643264000,warble,89.088,,13210,4,8
bout_member,2025_03,237,underground,30,241,88.07296,88.106104,33.14400000000717,2025-03-23 12:23:16.072960000,warble,105.60799999999999,,13210,7,8
bout_member,2025_03,237,underground,30,241,88.211712,88.238712,27.000000000001023,2025-03-23 12:23:16.211712000,high-freq,1475.72,,13210,8,8
bout_member,2025_03,237,arena_2,20,251,175.090048,175.164536,74.48800000000233,2025-03-23 13:24:43.090048000,warble,137.608,,8705,1,6
bout_member,2025_03,237,arena_2,20,251,175.474688,175.513976,39.28800000002752,2025-03-23 13:24:43.474688000,warble,107.144,,8705,3,6
bout_member,2025_03,237,arena_2,20,251,175.964032,176.172536,208.5040000000049,2025-03-23 13:24:43.964032000,warble,83.719999,,8705,5,6
inword_handpicked,2025_03,237,arena_2,20,251,291.623296,291.652992,29.696000000001277,2025-03-23 13:26:39.623296000,stacks,46.592,291.699584,8747,3,4
bout_member,2025_03,237,arena_2,20,251,311.542656,311.60768,65.02399999999398,2025-03-23 13:26:59.542656000,warble,105.6,,8764,7,9
bout_member,2025_03,237,arena_2,20,251,311.85856,311.908096,49.535999999989144,2025-03-23 13:26:59.858560000,warble,495.36,,8764,9,9
bout_member,2025_03,237,underground,30,251,344.581504,344.6144,32.89599999999382,2025-03-23 13:27:32.581504000,warble,95.36,,13352,2,5
bout_member,2025_03,237,underground,30,251,344.820608,344.858496,37.88800000000947,2025-03-23 13:27:32.820608000,warble,81.28,,13352,4,5
bout_member,2025_03,237,underground,30,251,344.939776,345.220608,280.83200000003217,2025-03-23 13:27:32.939776000,high-freq,750.976,,13352,5,5
bout_member,2025_03,237,arena_2,20,252,181.023488,181.086968,63.48000000002685,2025-03-23 13:30:49.023488000,warble,85.896,,8791,5,6
bout_member,2025_03,237,underground,30,254,278.683648,278.711168,27.519999999981337,2025-03-23 13:44:26.683648000,warble,188.288,,13362,1,5
bout_member,2025_03,237,arena_1,10,255,143.182592,143.22252,39.928000000003294,2025-03-23 13:48:11.182592000,warble,97.16,,7699,1,5
bout_member,2025_03,237,arena_1,10,256,110.359296,110.423168,63.87200000000348,2025-03-23 13:53:38.359296000,warble,101.12,,7734,1,6
bout_member,2025_03,237,arena_1,10,256,110.945664,110.980736,35.07199999999955,2025-03-23 13:53:38.945664000,warble,96.0,,7734,5,6
bout_member,2025_03,237,arena_1,10,256,111.076736,111.161856,85.12000000000342,2025-03-23 13:53:39.076736000,high-freq,99.2,,7734,6,6
bout_member,2025_03,237,arena_1,10,256,111.630464,111.681792,51.32799999999804,2025-03-23 13:53:39.630464000,warble,77.824,,7735,2,9
bout_member,2025_03,237,arena_2,20,256,111.635456,111.677312,41.855999999995674,2025-03-23 13:53:39.635456000,warble,91.136,,8906,2,9
bout_member,2025_03,237,arena_1,10,256,111.91552,111.990776,75.25599999999599,2025-03-23 13:53:39.915520000,warble,98.056,,7735,4,9
bout_member,2025_03,237,arena_1,10,256,112.448256,112.489344,41.08800000000201,2025-03-23 13:53:40.448256000,warble,121.984,,7735,7,9
bout_member,2025_03,237,arena_1,10,256,113.237888,113.2686,30.71200000000829,2025-03-23 13:53:41.237888000,warble,137.736,,7736,1,9
bout_member,2025_03,237,arena_1,10,256,114.073856,114.117248,43.39199999999721,2025-03-23 13:53:42.073856000,warble,133.376,,7736,6,9
bout_member,2025_03,237,arena_1,10,256,114.548736,114.574208,25.4719999999935,2025-03-23 13:53:42.548736000,high-freq,1342.4640000000002,,7736,9,9
bout_member,2025_03,237,arena_1,10,256,124.841728,124.945016,103.28799999999205,2025-03-23 13:53:52.841728000,warble,125.70400000000001,,7740,1,5
bout_member,2025_03,237,arena_1,10,256,125.215872,125.284864,68.99199999999439,2025-03-23 13:53:53.215872000,warble,112.0,,7740,3,5
bout_member,2025_03,237,arena_1,10,256,125.396864,125.44704,50.17600000000755,2025-03-23 13:53:53.396864000,warble,114.176,,7740,4,5
bout_member,2025_03,237,arena_2,20,256,125.399168,125.443456,44.287999999994554,2025-03-23 13:53:53.399168000,high-freq,118.01599999999999,,8908,5,5
bout_member,2025_03,237,underground,30,257,24.081536,24.11072,29.184000000000765,2025-03-23 13:58:12.081536000,warble,95.872,,13382,3,5
bout_member,2025_03,237,arena_1,10,258,3.484928,3.570552,85.62400000000014,2025-03-23 14:03:51.484928000,warble,58.888000000000005,,7803,1,6
bout_member,2025_03,237,arena_1,10,258,3.917056,3.962624,45.56799999999983,2025-03-23 14:03:51.917056000,warble,62.72,,7803,4,6
bout_member,2025_03,237,underground,30,258,17.304192,17.345408,41.21599999999859,2025-03-23 14:04:05.304192000,high-freq,67.584,,13398,3,5
bout_member,2025_03,237,underground,30,258,17.54048,17.582328,41.84800000000166,2025-03-23 14:04:05.540480000,warble,83.336,,13398,4,5
bout_member,2025_03,237,underground,30,258,187.26912,187.30624,37.12000000001581,2025-03-23 14:06:55.269120000,warble,80.256,,13411,2,5
bout_member,2025_03,237,underground,30,258,187.386496,187.428088,41.59200000000851,2025-03-23 14:06:55.386496000,warble,68.488,,13411,3,5
bout_member,2025_03,237,arena_2,20,259,125.428224,125.468408,40.183999999996445,2025-03-23 14:11:53.428224000,warble,134.024,,8968,3,6
bout_member,2025_03,237,arena_2,20,259,132.524672,132.649088,124.41599999999653,2025-03-23 14:12:00.524672000,warble,150.144,,8978,2,5
bout_member,2025_03,237,arena_2,20,259,133.242368,133.267576,25.207999999992126,2025-03-23 14:12:01.242368000,high-freq,5632.776001,,8978,5,5
bout_member,2025_03,237,arena_2,20,260,0.925952,1.000576,74.62399999999991,2025-03-23 14:15:48.925952000,warble,80.64,,8990,1,7
bout_member,2025_03,237,arena_2,20,260,153.23264,153.275384,42.743999999999005,2025-03-23 14:18:21.232640000,warble,90.632,,9023,1,5
bout_member,2025_03,237,arena_2,20,260,153.764096,153.798912,34.8160000000064,2025-03-23 14:18:21.764096000,warble,131.584,,9023,4,5
