uid,batch_num,candidate_num,date_folder,exp,channel,file_num,start_time_file_sec,stop_time_file_sec,next_call_type,next_call_gap_s
2025_03_235_30_024_129418,0,2,2025_03,235,30,24,129.417856,129.469304,stacks,0.046472
2025_03_235_20_114_171802,0,1,2025_03,235,20,114,171.801856,171.822456,stacks,0.024968
2025_03_235_30_024_130995,0,3,2025_03,235,30,24,130.995328,131.034616,stacks,0.031111999
2025_03_235_30_024_131414,0,4,2025_03,235,30,24,131.4144,131.462784,stacks,0.00064
2025_03_235_30_024_215800,0,5,2025_03,235,30,24,215.799936,215.827968,stacks,0.003712
2025_03_235_30_030_215777,0,6,2025_03,235,30,30,215.777408,215.812608,stacks,0.003328
2025_03_235_30_030_233085,0,7,2025_03,235,30,30,233.08544,233.116544,stacks,0.023808
2025_03_235_30_030_243043,0,8,2025_03,235,30,30,243.04256,243.067896,stacks,0.015368
2025_03_235_30_030_249007,0,9,2025_03,235,30,30,249.006848,249.054208,stacks,0.012288
2025_03_235_30_030_266144,0,10,2025_03,235,30,30,266.143744,266.175864,stacks,0.049032
2025_03_235_30_030_272740,0,11,2025_03,235,30,30,272.740096,272.797816,stacks,0.02932
2025_03_235_30_030_297903,0,12,2025_03,235,30,30,297.903232,297.945088,stacks,0.015872
2025_03_235_30_030_86692,0,13,2025_03,235,30,30,86.692096,86.715776,stacks,0.008832
2025_03_235_30_030_87178,0,14,2025_03,235,30,30,87.178496,87.220216,stacks,0.011272
2025_03_235_30_030_87438,0,15,2025_03,235,30,30,87.437824,87.474176,stacks,0.000128
2025_03_235_30_033_187507,0,16,2025_03,235,30,33,187.50656,187.55788,stacks,0.014216
2025_03_235_30_033_198924,0,17,2025_03,235,30,33,198.92416,198.978688,stacks,0.004736
2025_03_235_30_033_228670,0,18,2025_03,235,30,33,228.669952,228.694784,stacks,0.045568
2025_03_235_30_034_104466,0,19,2025_03,235,30,34,104.465536,104.493824,stacks,0.002176
2025_03_235_30_034_20516,0,20,2025_03,235,30,34,20.51584,20.5696,stacks,0.003328
2025_03_235_30_036_195008,0,21,2025_03,235,30,36,195.008384,195.053952,stacks,0.03584
2025_03_235_30_036_195365,0,22,2025_03,235,30,36,195.36512,195.396728,stacks,0.026632
2025_03_235_30_036_197722,0,23,2025_03,235,30,36,197.722112,197.763448,stacks,0.02356
2025_03_235_30_036_198094,0,24,2025_03,235,30,36,198.094464,198.12236,stacks,0.013576
2025_03_235_30_036_198415,0,25,2025_03,235,30,36,198.415104,198.476792,stacks,0.015752
2025_03_235_30_037_48626,0,26,2025_03,235,30,37,48.625536,48.668672,stacks,0.002176
2025_03_235_30_039_345136,0,27,2025_03,235,30,39,345.135744,345.1566,stacks,0.005896
2025_03_235_30_040_104397,0,28,2025_03,235,30,40,104.397312,104.42688,stacks,0.03136
2025_03_235_30_040_173357,0,29,2025_03,235,30,40,173.357056,173.423232,stacks,0.02368
2025_03_235_30_040_260261,1,1,2025_03,235,30,40,260.260736,260.310784,stacks,0.013696
2025_03_235_30_040_266212,1,2,2025_03,235,30,40,266.212096,266.261248,stacks,0.018048001
2025_03_235_30_040_26896,1,3,2025_03,235,30,40,26.895616,26.95948,stacks,0.006152
2025_03_235_30_040_277163,1,4,2025_03,235,30,40,277.163008,277.199872,stacks,0.049792
2025_03_235_30_040_277747,1,5,2025_03,235,30,40,277.74656,277.82336,stacks,0.00832
2025_03_235_30_040_280630,1,6,2025_03,235,30,40,280.629504,280.702208,stacks,0.002048
2025_03_235_30_040_283319,1,7,2025_03,235,30,40,283.318528,283.370112,stacks,0.005248
2025_03_235_30_040_283726,1,8,2025_03,235,30,40,283.725952,283.75168,stacks,0.020224
2025_03_235_30_040_285194,1,9,2025_03,235,30,40,285.193984,285.224312,stacks,0.006024
2025_03_235_30_040_285484,1,10,2025_03,235,30,40,285.483904,285.525248,stacks,0.009728
2025_03_235_30_040_332520,1,11,2025_03,235,30,40,332.51968,332.561152,stacks,0.032512
2025_03_235_30_040_333436,1,12,2025_03,235,30,40,333.435648,333.50412,stacks,0.011271999
2025_03_235_30_040_333813,1,13,2025_03,235,30,40,333.81312,333.842176,stacks,0.014848
2025_03_235_30_040_3395,1,14,2025_03,235,30,40,3.395328,3.448056,stacks,0.005384
2025_03_235_30_040_3516,1,15,2025_03,235,30,40,3.515648,3.53472,stacks,0.006656
2025_03_235_30_040_353664,1,16,2025_03,235,30,40,353.663616,353.721472,stacks,0.018816
2025_03_235_30_040_39073,1,17,2025_03,235,30,40,39.072896,39.099256,stacks,0.026376
2025_03_235_30_040_85353,1,18,2025_03,235,30,40,85.353088,85.372664,stacks,0.013832
2025_03_235_30_040_86017,1,19,2025_03,235,30,40,86.017152,86.059896,stacks,0.018568
2025_03_235_30_040_91392,1,20,2025_03,235,30,40,91.392256,91.483256,stacks,0.044936
2025_03_235_30_041_234887,1,21,2025_03,235,30,41,234.886656,234.943232,stacks,0.000256
2025_03_235_30_041_330941,1,22,2025_03,235,30,41,330.940544,330.960888,stacks,0.008968
2025_03_235_30_041_34416,1,23,2025_03,235,30,41,34.416256,34.447488,stacks,0.020224
2025_03_235_30_042_119749,1,24,2025_03,235,30,42,119.749248,119.814144,stacks,0.00064
2025_03_235_30_042_128440,1,25,2025_03,235,30,42,128.440064,128.569984,stacks,0.03328
2025_03_235_30_042_129907,1,26,2025_03,235,30,42,129.907456,129.954688,stacks,0.020864
2025_03_235_30_042_151703,1,27,2025_03,235,30,42,151.702912,151.903096,stacks,0.017032
2025_03_235_30_042_156231,1,28,2025_03,235,30,42,156.23104,156.289664,stacks,0.023168
2025_03_235_30_043_182401,1,29,2025_03,235,30,43,182.40128,182.432128,stacks,0.032
2025_03_235_30_043_183024,1,30,2025_03,235,30,43,183.024256,183.119352,stacks,0.005512
2025_03_235_30_043_189645,2,1,2025_03,235,30,43,189.644928,189.68128,stacks,0.020608
2025_03_235_30_043_217198,2,2,2025_03,235,30,43,217.198464,217.21548,stacks,0.010504
2025_03_235_30_043_219998,2,3,2025_03,235,30,43,219.998336,220.06016,stacks,0.002688
2025_03_235_30_043_220442,2,4,2025_03,235,30,43,220.442112,220.499576,stacks,0.01652
2025_03_235_30_043_235139,2,5,2025_03,235,30,43,235.138816,235.159424,stacks,0.011648
2025_03_235_30_043_240973,2,6,2025_03,235,30,43,240.972672,241.015168,stacks,0.001152
2025_03_235_30_043_243495,2,7,2025_03,235,30,43,243.494656,243.52832,stacks,0.001024
2025_03_235_30_043_245249,2,8,2025_03,235,30,43,245.248512,245.276416,stacks,0.000768
2025_03_235_30_043_248382,2,9,2025_03,235,30,43,248.381824,248.429056,stacks,0.02432
2025_03_235_30_043_250590,2,10,2025_03,235,30,43,250.589696,250.734976,stacks,0.013568
2025_03_235_30_050_202107,2,11,2025_03,235,30,50,202.107136,202.136576,stacks,0.004736
2025_03_235_30_050_202967,2,12,2025_03,235,30,50,202.966784,202.999288,stacks,0.014088
2025_03_235_30_052_277942,2,13,2025_03,235,30,52,277.9424,277.99488,stacks,0.00704
2025_03_235_30_052_332372,2,14,2025_03,235,30,52,332.37184,332.406016,stacks,0.001408
2025_03_235_30_056_39169,2,15,2025_03,235,30,56,39.168512,39.209216,stacks,0.00192
2025_03_235_30_056_53017,2,16,2025_03,235,30,56,53.017472,53.041528,stacks,0.04468
2025_03_235_30_059_11115,2,17,2025_03,235,30,59,11.114752,11.140864,stacks,0.011904
2025_03_235_30_059_113380,2,18,2025_03,235,30,59,113.37984,113.473144,stacks,0.005128
2025_03_235_30_059_142127,2,19,2025_03,235,30,59,142.127104,142.15808,stacks,0.002048
2025_03_235_30_059_142745,2,20,2025_03,235,30,59,142.745216,142.784632,stacks,0.027528
2025_03_235_30_059_325647,2,21,2025_03,235,30,59,325.647488,325.703416,stacks,0.046344
2025_03_235_30_059_354673,2,22,2025_03,235,30,59,354.672512,354.711424,stacks,0.020352
2025_03_235_30_059_355160,2,23,2025_03,235,30,59,355.15968,355.186936,stacks,0.007432
2025_03_235_30_059_76350,2,24,2025_03,235,30,59,76.349568,76.377848,stacks,0.007432
2025_03_235_30_059_78597,2,25,2025_03,235,30,59,78.597376,78.623744,stacks,0.018688
2025_03_235_30_060_205,2,30,2025_03,235,30,60,0.2048,0.261368,stacks,0.017032
2025_03_235_30_060_25595,3,1,2025_03,235,30,60,25.595392,25.635456,stacks,0.000384
2025_03_235_30_060_28069,3,2,2025_03,235,30,60,28.068736,28.1518,stacks,0.049416
2025_03_235_30_060_4671,3,3,2025_03,235,30,60,4.670848,4.700792,stacks,0.009992
2025_03_235_30_060_49676,3,4,2025_03,235,30,60,49.67552,49.751296,stacks,0.006912
2025_03_235_30_060_499,3,5,2025_03,235,30,60,0.499072,0.53568,stacks,0.013056
2025_03_235_30_060_55085,3,6,2025_03,235,30,60,55.084672,55.12832,stacks,0.019968001
2025_03_235_30_060_5962,3,7,2025_03,235,30,60,5.96224,6.003456,stacks,0.000896
2025_03_235_30_060_6292,3,8,2025_03,235,30,60,6.29248,6.351096,stacks,0.0466
2025_03_235_30_060_65575,3,9,2025_03,235,30,60,65.57504,65.645952,stacks,0.026232
2025_03_235_30_060_906,3,10,2025_03,235,30,60,0.9056,0.959616,stacks,0.029056
2025_03_235_30_077_131672,3,11,2025_03,235,30,77,131.67232,131.727224,stacks,0.007944
2025_03_235_30_077_133508,3,12,2025_03,235,30,77,133.508096,133.537536,stacks,0.016768
2025_03_235_30_077_133782,3,13,2025_03,235,30,77,133.782144,133.819904,stacks,0.00448
2025_03_235_30_081_181157,3,15,2025_03,235,30,81,181.156608,181.209208,stacks,0.008328
2025_03_235_30_081_211443,3,16,2025_03,235,30,81,211.442944,211.478528,stacks,0.042751999
2025_03_235_30_081_213493,3,17,2025_03,235,30,81,213.493248,213.51948,stacks,0.021384
2025_03_235_30_082_316553,3,18,2025_03,235,30,82,316.553216,316.591352,stacks,0.016904
2025_03_235_30_082_317259,3,19,2025_03,235,30,82,317.259264,317.282176,stacks,0.007168
2025_03_235_30_082_317522,3,20,2025_03,235,30,82,317.522304,317.565816,stacks,0.02036
2025_03_235_30_082_317855,3,21,2025_03,235,30,82,317.854592,317.89184,stacks,0.006528
2025_03_235_30_082_318127,3,22,2025_03,235,30,82,318.126848,318.151424,stacks,0.023552
2025_03_235_30_082_319628,3,23,2025_03,235,30,82,319.62752,319.654272,stacks,0.00704
2025_03_235_30_082_323948,3,24,2025_03,235,30,82,323.947904,324.004984,stacks,0.006024
2025_03_235_30_082_325645,3,25,2025_03,235,30,82,325.644672,325.663616,stacks,0.004864
2025_03_235_30_082_327144,3,26,2025_03,235,30,82,327.143808,327.183616,stacks,0.009472
2025_03_235_30_082_327466,3,27,2025_03,235,30,82,327.465728,327.486464,stacks,0.029184
2025_03_235_30_082_331830,3,28,2025_03,235,30,82,331.829888,331.90656,stacks,0.012032
2025_03_235_30_083_251695,3,29,2025_03,235,30,83,251.695104,251.748352,stacks,0.015488
2025_03_235_30_083_258771,3,30,2025_03,235,30,83,258.77056,258.809088,stacks,0.003072
2025_03_235_30_084_167079,4,1,2025_03,235,30,84,167.079168,167.17056,stacks,0.000896
2025_03_235_30_084_172992,4,2,2025_03,235,30,84,172.992256,173.01504,stacks,0.001152
2025_03_235_30_085_197713,4,3,2025_03,235,30,85,197.712512,197.74016,stacks,0.034304
2025_03_235_30_085_200762,4,4,2025_03,235,30,85,200.761728,200.8,stacks,0.020352
2025_03_235_30_085_202402,4,5,2025_03,235,30,85,202.402304,202.438272,stacks,0.013312
2025_03_235_30_085_215127,4,6,2025_03,235,30,85,215.126528,215.225592,stacks,0.005384
2025_03_235_30_085_216378,4,7,2025_03,235,30,85,216.377984,216.455936,stacks,0.0128
2025_03_235_30_087_289340,4,8,2025_03,235,30,87,289.33952,289.382272,stacks,0.000256
2025_03_235_30_089_289382,4,9,2025_03,235,30,89,289.382016,289.420928,stacks,0.030848
2025_03_235_30_095_182116,4,10,2025_03,235,30,95,182.116352,182.137976,stacks,0.018056
2025_03_235_30_095_286318,4,11,2025_03,235,30,95,286.318336,286.422016,stacks,0.022528
2025_03_235_30_096_109140,4,12,2025_03,235,30,96,109.13984,109.173496,stacks,0.029576
2025_03_235_30_096_120637,4,13,2025_03,235,30,96,120.637056,120.655232,stacks,0.013952
2025_03_235_30_096_149729,4,14,2025_03,235,30,96,149.729152,149.775232,stacks,0.023168
2025_03_235_30_096_150330,4,15,2025_03,235,30,96,150.329728,150.36876,stacks,0.023432
2025_03_235_30_096_175113,4,16,2025_03,235,30,96,175.112576,175.17696,stacks,0.011136
2025_03_235_30_096_175473,4,17,2025_03,235,30,96,175.472896,175.563896,stacks,0.042504
2025_03_235_30_096_184112,4,18,2025_03,235,30,96,184.111744,184.174464,stacks,0.03072
2025_03_235_30_096_191052,4,19,2025_03,235,30,96,191.051904,191.087488,stacks,0.00768
2025_03_235_30_096_195769,4,20,2025_03,235,30,96,195.769344,195.80876,stacks,0.041736
2025_03_235_30_096_196038,4,21,2025_03,235,30,96,196.03776,196.08384,stacks,0.000896
2025_03_235_30_096_196321,4,22,2025_03,235,30,96,196.320896,196.354552,stacks,0.018824
2025_03_235_30_096_196629,4,23,2025_03,235,30,96,196.629376,196.732664,stacks,0.028808
2025_03_235_30_096_199175,4,24,2025_03,235,30,96,199.174912,199.233528,stacks,0.018312
2025_03_235_30_096_200814,4,25,2025_03,235,30,96,200.813952,200.859384,stacks,0.034824
2025_03_235_30_096_201129,4,26,2025_03,235,30,96,201.128832,201.154176,stacks,0.03072
2025_03_235_30_096_201465,4,27,2025_03,235,30,96,201.465088,201.506304,stacks,0.002816
2025_03_235_30_096_201715,4,28,2025_03,235,30,96,201.715456,201.78636,stacks,0.012936
2025_03_235_30_096_202723,4,29,2025_03,235,30,96,202.722688,202.789112,stacks,0.009608
2025_03_235_30_096_203951,4,30,2025_03,235,30,96,203.951232,204.00128,stacks,0.006144
2025_03_235_30_096_204350,5,1,2025_03,235,30,96,204.350208,204.373624,stacks,0.009096
2025_03_235_30_096_205968,5,2,2025_03,235,30,96,205.968256,206.010752,stacks,0.038528
2025_03_235_30_096_206428,5,3,2025_03,235,30,96,206.428032,206.491384,stacks,0.017416
2025_03_235_30_096_206759,5,4,2025_03,235,30,96,206.758656,206.811264,stacks,0.000512
2025_03_235_30_096_207345,5,5,2025_03,235,30,96,207.345024,207.37996,stacks,0.010888
2025_03_235_30_096_207893,5,6,2025_03,235,30,96,207.893376,207.952632,stacks,0.011528
2025_03_235_30_096_209396,5,7,2025_03,235,30,96,209.395712,209.421952,stacks,0.007936
2025_03_235_30_096_216876,5,8,2025_03,235,30,96,216.875904,216.91916,stacks,0.018824
2025_03_235_30_096_223577,5,9,2025_03,235,30,96,223.576832,223.615616,stacks,0.019328
2025_03_235_30_096_225876,5,10,2025_03,235,30,96,225.875584,225.955448,stacks,0.018312
2025_03_235_30_096_226815,5,11,2025_03,235,30,96,226.815104,226.923648,stacks,0.004096
2025_03_235_30_096_227266,5,12,2025_03,235,30,96,227.265536,227.334776,stacks,0.020488
2025_03_235_30_096_227827,5,13,2025_03,235,30,96,227.827328,227.868152,stacks,0.00948
2025_03_235_30_096_228098,5,14,2025_03,235,30,96,228.098432,228.126848,stacks,0.004736001
2025_03_235_30_096_228723,5,15,2025_03,235,30,96,228.722816,228.7712,stacks,0.023808
2025_03_235_30_096_229641,5,16,2025_03,235,30,96,229.640832,229.675896,stacks,0.014088
2025_03_235_30_096_241888,5,17,2025_03,235,30,96,241.887872,241.927928,stacks,0.012168
2025_03_235_30_096_243188,5,18,2025_03,235,30,96,243.188224,243.229432,stacks,0.013064
2025_03_235_30_098_275927,5,20,2025_03,235,30,98,275.926912,275.968512,stacks,0.047999999
2025_03_235_30_098_291112,5,21,2025_03,235,30,98,291.112064,291.137152,stacks,0.032256
2025_03_235_30_098_302472,5,22,2025_03,235,30,98,302.471936,302.524152,stacks,0.007688001
2025_03_235_30_098_328641,5,23,2025_03,235,30,98,328.64128,328.675712,stacks,0.033024
2025_03_235_30_098_329829,5,24,2025_03,235,30,98,329.829376,329.872896,stacks,0.002048
2025_03_235_30_098_335972,5,25,2025_03,235,30,98,335.97248,336.016768,stacks,0.004096
2025_03_235_30_098_339086,5,26,2025_03,235,30,98,339.08608,339.154048,stacks,0.006144
2025_03_235_30_098_345295,5,27,2025_03,235,30,98,345.29536,345.33184,stacks,0.003456
2025_03_235_30_098_346577,5,28,2025_03,235,30,98,346.57664,346.602872,stacks,0.014088
2025_03_235_30_098_347159,5,29,2025_03,235,30,98,347.159296,347.19308,stacks,0.020104
2025_03_235_30_098_353184,5,30,2025_03,235,30,98,353.183872,353.231872,stacks,0.001536
2025_03_235_30_099_156796,6,1,2025_03,235,30,99,156.79616,156.81728,stacks,0.00256
2025_03_235_30_099_1573,6,2,2025_03,235,30,99,1.573248,1.62636,stacks,0.011016
2025_03_235_30_099_34745,6,3,2025_03,235,30,99,34.744832,34.773496,stacks,0.007432
2025_03_235_30_099_3698,6,4,2025_03,235,30,99,3.697792,3.747968,stacks,0.020608
2025_03_235_30_099_66181,6,5,2025_03,235,30,99,66.180736,66.193912,stacks,0.037768
2025_03_235_30_099_66801,6,6,2025_03,235,30,99,66.801152,66.823936,stacks,0.01792
2025_03_235_30_099_67154,6,7,2025_03,235,30,99,67.153792,67.175424,stacks,0.033024
2025_03_235_30_099_67788,6,8,2025_03,235,30,99,67.788032,67.815808,stacks,0.00064
2025_03_235_30_099_68060,6,9,2025_03,235,30,99,68.060416,68.101888,stacks,0.000128
2025_03_235_30_099_68713,6,10,2025_03,235,30,99,68.712576,68.77644,stacks,0.01396
2025_03_235_30_099_77451,6,11,2025_03,235,30,99,77.451392,77.482752,stacks,0.034303999
2025_03_235_30_099_79933,6,12,2025_03,235,30,99,79.933184,79.951232,stacks,0.001664
2025_03_235_30_099_80184,6,13,2025_03,235,30,99,80.184448,80.221312,stacks,0.025344
2025_03_235_30_099_80877,6,14,2025_03,235,30,99,80.87744,80.937848,stacks,0.009864
2025_03_235_30_100_196845,6,15,2025_03,235,30,100,196.845184,196.86528,stacks,0.023424
2025_03_235_30_100_79421,6,16,2025_03,235,30,100,79.42144,79.451384,stacks,0.011656
2025_03_235_30_103_247545,6,17,2025_03,235,30,103,247.545344,247.5968,stacks,0.00448
2025_03_235_30_103_248456,6,18,2025_03,235,30,103,248.455936,248.485504,stacks,0.012544
2025_03_235_30_103_249805,6,19,2025_03,235,30,103,249.8048,249.864448,stacks,0.021248
2025_03_235_30_103_255815,6,20,2025_03,235,30,103,255.81504,255.867648,stacks,0.002688
2025_03_235_30_103_256444,6,21,2025_03,235,30,103,256.444032,256.509568,stacks,0.000896
2025_03_235_30_103_257026,6,22,2025_03,235,30,103,257.026296,257.072896,stacks,0.000256
2025_03_235_30_103_260818,6,23,2025_03,235,30,103,260.818176,260.857728,stacks,0.004736
2025_03_235_30_104_167940,6,24,2025_03,235,30,104,167.940352,167.989632,stacks,0.001024
2025_03_235_30_104_171948,6,25,2025_03,235,30,104,171.947776,171.984512,stacks,0.010752
2025_03_235_30_104_173909,6,26,2025_03,235,30,104,173.908608,174.036736,stacks,0.000896
2025_03_235_30_104_195640,6,27,2025_03,235,30,104,195.639808,195.679744,stacks,0.002304
2025_03_235_30_104_196891,6,28,2025_03,235,30,104,196.891392,196.927608,stacks,0.009736
2025_03_235_30_112_102058,6,29,2025_03,235,30,112,102.05824,102.099712,stacks,0.042624
2025_03_235_30_117_190063,6,30,2025_03,235,30,117,190.063104,190.122232,stacks,0.025352
2025_03_235_30_125_15938,7,1,2025_03,235,30,125,15.938048,15.984128,stacks,0.00064
2025_03_235_30_136_165641,7,2,2025_03,235,30,136,165.640832,165.680896,stacks,0.04992
2025_03_235_30_136_167293,7,3,2025_03,235,30,136,167.293184,167.332984,stacks,0.007048
2025_03_235_30_136_181826,7,5,2025_03,235,30,136,181.826176,181.847168,stacks,0.02432
2025_03_235_30_136_182195,7,6,2025_03,235,30,136,182.1952,182.22336,stacks,0.001408
2025_03_235_30_136_207604,7,7,2025_03,235,30,136,207.60384,207.631232,stacks,0.012032
2025_03_235_30_139_101092,7,8,2025_03,235,30,139,101.091712,101.148672,stacks,0.01472
2025_03_235_30_139_116422,7,9,2025_03,235,30,139,116.421504,116.457464,stacks,0.041352
2025_03_235_30_139_117810,7,10,2025_03,235,30,139,117.809792,117.874304,stacks,0.021632
2025_03_235_30_139_119741,7,11,2025_03,235,30,139,119.740672,119.77152,stacks,0.006528
2025_03_235_30_139_141755,7,12,2025_03,235,30,139,141.755392,141.788416,stacks,0.000256
2025_03_235_30_139_142869,7,13,2025_03,235,30,139,142.86912,142.9056,stacks,0.001792
2025_03_235_30_139_180966,7,14,2025_03,235,30,139,180.966272,181.02016,stacks,0.002432
2025_03_235_30_139_190201,7,15,2025_03,235,30,139,190.200704,190.226176,stacks,0.01664
2025_03_235_30_139_190556,7,16,2025_03,235,30,139,190.55616,190.578944,stacks,0.017664
2025_03_235_30_140_34415,7,19,2025_03,235,30,140,34.415488,34.431616,stacks,0.03328
2025_03_235_30_142_320999,7,20,2025_03,235,30,142,320.998912,321.040256,stacks,0.006656
2025_03_235_30_143_112626,7,21,2025_03,235,30,143,112.62592,112.665984,stacks,0.020096
2025_03_235_30_143_118046,7,22,2025_03,235,30,143,118.045696,118.115712,stacks,0.041216
2025_03_235_30_143_118762,7,23,2025_03,235,30,143,118.762112,118.828032,stacks,0.00128
2025_03_235_30_143_21597,7,24,2025_03,235,30,143,21.59744,21.614848,stacks,0.015616
2025_03_235_30_143_21924,7,25,2025_03,235,30,143,21.92448,21.957752,stacks,0.028168
2025_03_235_30_143_28154,7,26,2025_03,235,30,143,28.154112,28.201208,stacks,0.020872
2025_03_235_30_143_28475,7,27,2025_03,235,30,143,28.474752,28.506104,stacks,0.034824
2025_03_235_30_143_32659,7,28,2025_03,235,30,143,32.65856,32.685824,stacks,0.009088
2025_03_235_30_143_41327,7,29,2025_03,235,30,143,41.326848,41.387768,stacks,0.016648
2025_03_235_30_143_60502,7,30,2025_03,235,30,143,60.5024,60.548352,stacks,0.011136
2025_03_235_30_143_64288,8,1,2025_03,235,30,143,64.288376,64.366336,stacks,0.001792
2025_03_235_30_143_68101,8,2,2025_03,235,30,143,68.101376,68.133496,stacks,0.01908
2025_03_235_30_145_299364,8,3,2025_03,235,30,145,299.363968,299.394176,stacks,0.003072
2025_03_235_30_152_131277,8,5,2025_03,235,30,152,131.2768,131.325952,stacks,0.017664
2025_03_235_30_152_131474,8,6,2025_03,235,30,152,131.474176,131.49824,stacks,0.003456
2025_03_235_30_152_131546,8,7,2025_03,235,30,152,131.546112,131.579776,stacks,0.0288
2025_03_235_30_154_166092,8,8,2025_03,235,30,154,166.092032,166.206592,stacks,0.036224
2025_03_235_30_154_170306,8,9,2025_03,235,30,154,170.305664,170.357888,stacks,0.023168
2025_03_235_30_154_180942,8,10,2025_03,235,30,154,180.941568,180.966144,stacks,0.002176
2025_03_235_30_154_181315,8,11,2025_03,235,30,154,181.315328,181.357696,stacks,0.008576
2025_03_235_30_154_191188,8,12,2025_03,235,30,154,191.188224,191.264,stacks,0.006656
2025_03_235_30_154_192359,8,13,2025_03,235,30,154,192.358912,192.447872,stacks,0.004096
2025_03_235_30_154_198882,8,14,2025_03,235,30,154,198.881792,198.895224,stacks,0.038408
2025_03_235_30_154_211866,8,15,2025_03,235,30,154,211.866368,211.898488,stacks,0.011912
2025_03_235_30_154_215707,8,16,2025_03,235,30,154,215.707136,215.8048,stacks,0.012672
2025_03_235_30_154_219632,8,17,2025_03,235,30,154,219.631616,219.671808,stacks,0.000128
2025_03_235_30_155_151343,9,1,2025_03,235,30,155,151.342848,151.385728,stacks,0.000256
2025_03_235_30_155_239793,9,2,2025_03,235,30,155,239.793024,239.845624,stacks,0.005128
2025_03_235_30_155_84903,9,3,2025_03,235,30,155,84.903296,84.935424,stacks,0.008704
2025_03_235_30_156_250641,9,5,2025_03,235,30,156,250.640768,250.671104,stacks,0.004352
2025_03_235_30_156_253612,9,6,2025_03,235,30,156,253.611904,253.675904,stacks,0.002432
2025_03_235_30_156_265142,9,7,2025_03,235,30,156,265.141504,265.219704,stacks,0.005256
2025_03_235_30_156_281958,9,10,2025_03,235,30,156,281.9584,282.022648,stacks,0.007048
2025_03_235_30_156_284921,9,11,2025_03,235,30,156,284.920832,284.955136,stacks,0.025472
2025_03_235_30_156_287906,9,12,2025_03,235,30,156,287.906432,287.950592,stacks,0.002816
2025_03_235_30_156_301262,9,13,2025_03,235,30,156,301.261696,301.28768,stacks,0.019968
2025_03_235_30_156_302805,9,14,2025_03,235,30,156,302.805248,302.89664,stacks,0.015872
2025_03_235_30_156_315517,9,15,2025_03,235,30,156,315.516544,315.578368,stacks,0.0032
2025_03_235_30_156_328030,9,16,2025_03,235,30,156,328.029952,328.080896,stacks,0.019712
2025_03_235_30_156_333382,9,17,2025_03,235,30,156,333.381632,333.430656,stacks,0.020864
2025_03_235_30_156_334402,9,18,2025_03,235,30,156,334.401792,334.482432,stacks,0.014848
2025_03_235_30_156_342666,9,19,2025_03,235,30,156,342.666368,342.747128,stacks,0.01652
2025_03_235_30_156_344087,9,20,2025_03,235,30,156,344.086528,344.145664,stacks,0.00768
2025_03_235_30_157_294730,9,21,2025_03,235,30,157,294.730496,294.804736,stacks,0.000256
2025_03_235_30_157_296796,9,22,2025_03,235,30,157,296.796288,296.883968,stacks,0.014848
2025_03_235_30_158_243013,9,23,2025_03,235,30,158,243.012736,243.040384,stacks,0.003968
2025_03_235_30_158_243380,9,24,2025_03,235,30,158,243.379968,243.436928,stacks,0.01472
2025_03_235_30_158_243943,9,25,2025_03,235,30,158,243.942656,243.96992,stacks,0.015104
2025_03_235_30_158_244280,9,26,2025_03,235,30,158,244.28032,244.333952,stacks,0.005376
2025_03_235_30_158_244830,9,27,2025_03,235,30,158,244.83008,244.861184,stacks,0.0224
2025_03_235_30_158_245156,9,28,2025_03,235,30,158,245.15584,245.19628,stacks,0.017544
2025_03_235_30_158_245606,9,29,2025_03,235,30,158,245.605632,245.65952,stacks,0.01088
2025_03_235_30_158_251267,9,30,2025_03,235,30,158,251.267328,251.33004,stacks,0.0242
2025_03_235_30_158_31801,10,1,2025_03,235,30,158,31.800832,31.837824,stacks,0.037248
2025_03_235_30_158_32856,10,2,2025_03,235,30,158,32.85632,32.898944,stacks,0.003584
2025_03_235_30_158_34056,10,3,2025_03,235,30,158,34.05632,34.128256,stacks,0.04608
2025_03_235_30_158_46605,10,5,2025_03,235,30,158,46.605312,46.642816,stacks,0.001536
2025_03_235_30_158_49503,10,6,2025_03,235,30,158,49.503488,49.592312,stacks,0.021
2025_03_235_30_158_59095,10,7,2025_03,235,30,158,59.095424,59.127808,stacks,0.01216
2025_03_235_30_158_79982,10,8,2025_03,235,30,158,79.981568,80.001656,stacks,0.001544
2025_03_235_30_158_80220,10,9,2025_03,235,30,158,80.21952,80.246528,stacks,0.04736
2025_03_235_30_158_89833,10,10,2025_03,235,30,158,89.832576,89.881472,stacks,0.004352
2025_03_235_30_159_180640,10,11,2025_03,235,30,159,180.640128,180.661632,stacks,0.002944
2025_03_235_30_159_345555,10,12,2025_03,235,30,159,345.555456,345.581432,stacks,0.037
2025_03_235_30_159_36004,10,13,2025_03,235,30,159,36.004224,36.026112,stacks,0.0256
2025_03_237_20_198_331060,10,14,2025_03,237,20,198,331.06048,331.082104,stacks,0.034824
2025_03_237_20_251_291623,10,15,2025_03,237,20,251,291.623296,291.652992,stacks,0.046592
2025_03_237_30_000_1103,10,16,2025_03,237,30,0,1.102976,1.147264,stacks,0.01216
2025_03_237_30_000_169859,10,17,2025_03,237,30,0,169.859072,169.903096,stacks,0.042248
2025_03_237_30_000_186111,10,18,2025_03,237,30,0,186.11136,186.15948,stacks,0.027016
2025_03_237_30_000_264524,10,19,2025_03,237,30,0,264.523648,264.555904,stacks,0.006656
2025_03_237_30_000_31873,10,20,2025_03,237,30,0,31.873024,31.91564,stacks,0.010248
2025_03_237_30_000_91133,10,21,2025_03,237,30,0,91.133056,91.203192,stacks,0.019464
2025_03_237_30_000_95151,10,22,2025_03,237,30,0,95.151232,95.178488,stacks,0.01588
2025_03_237_30_000_97418,10,23,2025_03,237,30,0,97.417856,97.46816,stacks,0.018688
2025_03_237_30_001_184507,10,24,2025_03,237,30,1,184.50688,184.545656,stacks,0.0178
2025_03_237_30_002_213453,10,25,2025_03,237,30,2,213.453056,213.507968,stacks,0.00896
2025_03_237_30_002_253156,10,26,2025_03,237,30,2,253.156096,253.17888,stacks,0.005504
2025_03_237_30_002_276927,10,27,2025_03,237,30,2,276.92736,276.953848,stacks,0.043656
2025_03_237_30_002_277633,10,28,2025_03,237,30,2,277.632768,277.657984,stacks,0.043392
2025_03_237_30_002_278407,10,29,2025_03,237,30,2,278.40704,278.468608,stacks,0.029184
2025_03_237_30_002_282429,10,30,2025_03,237,30,2,282.4288,282.455296,stacks,0.012288
