exp,file_num,t_entry,motion_pre,occupied,scorer
492,2,169.0795,0.0,False,gily
494,31,246.3468,0.0,True,gily
496,0,317.0929,0.0,False,gily
498,2,35.2916,0.0,False,gily
503,4,202.1554,0.0,True,gily
498,0,65.1611,0.0,False,gily
504,125,237.308,0.0,False,gily
504,184,283.4851,0.0,False,gily
544,13,181.7618,0.0,False,gily
526,3,18.4366,0.0,False,gily
526,9,197.5686,0.0,False,gily
520,1,265.2792,0.0,True,gily
517,120,299.1443,0.0,False,gily
516,7,295.5261,0.0,True,gily
515,14,333.7268,0.0,False,gily
526,24,219.7903,0.0,False,gily
566,2,252.8859,0.0,True,gily
566,3,241.285,0.0,True,gily
566,3,20.9761,0.0,True,gily
526,14,171.5436,2.237136465324385e-07,True,gily
505,16,260.7711,2.237136465324385e-07,True,gily
522,11,40.8274,2.237136465324385e-07,True,gily
497,113,173.4751,4.47427293064877e-07,True,gily
496,5,160.7443,4.47427293064877e-07,True,gily
511,13,210.9883,1.3422818791946309e-06,False,gily
515,0,229.3214,1.3422818791946309e-06,True,gily
516,5,61.8516,1.3422818791946309e-06,True,gily
496,11,125.7502,1.7897091722595078e-06,True,gily
510,5,101.3452,2.237136465324385e-06,True,gily
526,70,189.3864,2.237136465324385e-06,True,gily
530,3,7.4853,2.6845637583892617e-06,False,gily
499,4,289.7237,2.6845637583892617e-06,True,gily
516,4,344.0478,2.6845637583892617e-06,True,gily
530,7,99.3818,2.908277404921701e-06,False,gily
530,11,163.2122,3.131991051454139e-06,False,gily
548,121,227.3036,3.131991051454139e-06,False,gily
505,129,248.1815,3.3557046979865773e-06,True,gily
530,7,131.3372,3.3557046979865773e-06,False,gily
513,174,200.226,3.579418344519016e-06,True,gily
549,18,48.3601,3.579418344519016e-06,True,gily
545,169,349.6045,4.921700223713647e-06,True,gily
509,1,60.1847,5.1454138702460855e-06,True,gily
557,66,260.7338,5.5928411633109614e-06,True,gily
520,3,5.8207,6.487695749440716e-06,True,gily
557,66,294.8408,6.487695749440716e-06,True,gily
494,1,284.6905,6.487695749440717e-06,True,gily
510,3,82.8943,7.38255033557047e-06,True,gily
548,115,299.8951,8.053691275167787e-06,False,gily
497,156,185.0002,8.053691275167787e-06,True,gily
525,13,136.6728,8.277404921700225e-06,True,gily
519,150,136.2174,1.0290827740492173e-05,True,gily
535,1,280.3122,1.1185682326621926e-05,True,gily
508,84,356.7786,1.208053691275168e-05,True,gily
509,5,85.0201,1.2304250559284115e-05,True,gily
552,90,318.1144,1.2527964205816556e-05,True,gily
548,153,309.6261,1.2975391498881432e-05,True,gily
544,9,159.5703,1.45413870246085e-05,True,gily
514,7,140.8319,1.4541387024608505e-05,True,gily
508,84,127.4803,1.5659955257270695e-05,True,gily
544,13,100.7051,1.5883668903803133e-05,False,gily
557,65,68.913,1.6107382550335573e-05,True,gily
535,1,23.1248,1.7225950782997762e-05,True,gily
494,21,153.1673,1.9686800894854587e-05,True,gily
501,166,97.1546,2.0134228187919465e-05,True,gily
555,163,108.6451,2.102908277404922e-05,True,gily
559,10,124.7474,2.2818791946308727e-05,True,gily
549,5,100.5849,2.5055928411633108e-05,True,gily
499,0,334.4812,2.5727069351230423e-05,True,gily
508,19,156.6398,2.684563758389261e-05,True,gily
545,172,145.2917,2.8411633109619688e-05,True,gily
559,10,14.4816,3.1543624161073825e-05,True,gily
565,94,63.4233,3.355704697986577e-05,True,gily
494,47,210.7983,3.400447427293065e-05,True,gily
557,66,52.5341,3.4675615212527964e-05,True,gily
519,14,89.7825,3.60178970917226e-05,True,gily
545,35,161.5019,3.691275167785235e-05,True,gily
504,136,58.4173,3.691275167785236e-05,True,gily
544,7,269.5796,4.026845637583892e-05,True,gily
499,3,128.8711,4.228187919463087e-05,True,gily
552,2,240.8727,4.608501118568233e-05,True,gily
509,2,114.1574,5.369127516778524e-05,True,gily
555,41,280.5668,7.404921700223712e-05,True,gily
505,26,70.3862,7.67337807606264e-05,True,gily
541,6,3.0582,8.456375838926175e-05,True,gily
509,6,94.6845,0.0001165548098434,True,gily
557,66,194.5554,0.0001228187919463,True,gily
563,10,228.6029,0.0001257270693512,True,gily
535,14,13.3658,0.0001400447427293,True,gily
566,0,117.8716,0.0001447427293064,True,gily
534,4,352.2731,0.0001617449664429,False,gily
519,84,212.2921,0.0002116331096196,True,gily
548,115,271.3011,0.0002263982102908,False,gily
519,19,177.0271,0.0002297539149888,True,gily
548,4,243.819,0.0002398210290827,True,gily
560,3,200.0255,0.0002431767337807,False,gily
535,27,109.8968,0.00025548098434,True,gily
521,0,248.82,0.0002628635346756,True,gily
565,93,327.8858,0.0002715883668903,True,gily
493,116,37.7078,0.0002803131991051,True,gily
534,6,172.8923,0.0003098434004474,True,gily
535,13,33.5193,0.0003116331096196,True,gily
497,50,62.4939,0.0003199105145413,True,gily
550,7,10.2057,0.0003335570469798,True,gily
497,53,218.9385,0.0003514541387024,True,gily
532,2,44.2196,0.0003597315436241,True,gily
565,96,61.9156,0.0003608501118568,True,gily
544,13,45.766,0.0003776286353467,False,gily
535,27,136.1816,0.0003883668903803,True,gily
518,23,282.4554,0.000410514541387,True,gily
559,10,193.3043,0.0004147651006711,True,gily
517,174,313.5897,0.000448769574944,True,gily
567,24,85.0753,0.0004684563758389,False,gily
516,9,193.7544,0.0004977628635346,True,gily
541,4,174.9948,0.0005024608501118,False,gily
549,17,273.672,0.0005064876957494,True,gily
493,124,249.8906,0.0005096196868008,True,gily
559,9,137.9286,0.0005185682326621,True,gily
550,49,29.5014,0.0005335570469798,False,gily
546,1,139.4852,0.0005519015659955,False,gily
509,5,326.1168,0.0006507829977628,True,gily
505,17,256.112,0.0006682326621923,True,gily
508,57,157.0678,0.0007581655480984,True,gily
517,90,242.0795,0.0007888143176733,True,gily
565,31,2.336,0.0007977628635346,True,gily
563,2,124.7024,0.0007988814317673,True,gily
544,18,81.6968,0.0008395973154362,False,gily
496,8,78.5105,0.0008460850111856,True,gily
527,3,176.647,0.0008975391498881,True,gily
516,4,186.0328,0.0009302013422818,True,gily
514,14,269.6657,0.0009407158836689,True,gily
515,0,118.9283,0.0009601789709172,False,gily
560,5,132.5231,0.0010136465324384,True,gily
515,12,267.7066,0.0010709172259507,False,gily
550,37,245.7224,0.0011293064876957,False,gily
510,14,212.9894,0.0011505592841163,True,gily
561,5,234.069,0.0011577181208053,True,gily
510,1,204.7286,0.0011615212527964,True,gily
512,90,264.4086,0.0011729306487695,True,gily
522,8,274.659,0.0012445190156599,True,gily
565,30,2.2094,0.0012447427293064,True,gily
527,8,34.1551,0.0012583892617449,True,gily
496,5,242.7773,0.0012738255033557,True,gily
521,10,117.5831,0.0013214765100671,True,gily
559,8,130.6704,0.0014082774049217,True,gily
514,14,182.0769,0.001445413870246,True,gily
555,97,34.3375,0.0014720357941834,True,gily
520,3,282.0458,0.0015181208053691,True,gily
506,17,22.5002,0.0015275167785234,True,gily
499,13,212.8528,0.0015387024608501,True,gily
526,90,93.2213,0.0015961968680089,True,gily
552,79,34.1623,0.0016326621923937,True,gily
559,11,318.3236,0.0016440715883668,True,gily
498,0,164.5929,0.0016977628635346,True,gily
497,117,220.1912,0.0017230425055928,True,gily
541,5,107.4051,0.0017398210290827,True,gily
557,68,331.3301,0.0017608501118568,True,gily
498,4,26.3139,0.0017682326621923,True,gily
549,16,41.6506,0.0018145413870246,True,gily
516,9,125.8389,0.0018429530201342,True,gily
504,38,289.4293,0.0018503355704697,True,gily
563,2,169.4631,0.0018534675615212,True,gily
511,10,53.7497,0.002007158836689,True,gily
512,55,159.4075,0.0021756152125279,True,gily
501,167,210.3335,0.0022205816554809,True,gily
515,0,332.4663,0.0022872483221476,True,gily
510,13,331.9813,0.0023628635346756,True,gily
556,8,284.823,0.0023986577181208,True,gily
506,46,235.2301,0.0024055928411633,True,gily
518,20,120.8892,0.0024306487695749,True,gily
515,12,302.1136,0.0025447427293064,True,gily
532,2,214.3586,0.0026022371364653,True,gily
530,3,70.2505,0.0026127516778523,True,gily
555,15,29.5826,0.0026574944071588,True,gily
527,2,243.0529,0.0026583892617449,True,gily
567,2,154.9184,0.0027362416107382,True,gily
520,5,168.6941,0.0028261744966442,True,gily
499,16,171.1828,0.0030968680089485,True,gily
549,14,174.0921,0.0031270693512304,True,gily
520,6,213.314,1.5659955257270697e-06,True,gily
504,192,142.2427,1.5659955257270697e-06,True,gily
518,7,109.8893,1.7897091722595078e-06,True,gily
548,155,212.3911,1.7897091722595078e-06,True,gily
517,138,111.1331,1.7897091722595078e-06,True,gily
505,169,140.3596,1.7897091722595078e-06,True,gily
519,206,135.029,1.7897091722595078e-06,True,gily
496,7,213.1719,1.7897091722595078e-06,True,gily
504,68,30.9927,1.7897091722595078e-06,True,gily
497,167,239.7825,2.013422818791946e-06,True,gily
519,98,140.9775,2.013422818791946e-06,True,gily
504,68,144.852,2.013422818791946e-06,True,gily
555,93,125.7272,2.013422818791946e-06,True,gily
555,93,282.7814,2.237136465324385e-06,True,gily
505,13,233.3765,2.237136465324385e-06,True,gily
545,109,72.6343,2.237136465324385e-06,False,gily
501,46,229.3217,2.237136465324385e-06,True,gily
501,1,351.0413,2.237136465324385e-06,True,gily
516,2,96.9553,2.237136465324385e-06,True,gily
530,2,262.916,2.460850111856824e-06,False,gily
494,5,75.8544,2.460850111856824e-06,True,gily
504,8,157.9101,2.460850111856824e-06,True,gily
513,149,119.4094,2.460850111856824e-06,True,gily
517,160,329.3345,2.460850111856824e-06,True,gily
517,84,91.6585,2.460850111856824e-06,True,gily
501,214,68.562,2.6845637583892617e-06,True,gily
505,162,275.7547,2.6845637583892617e-06,True,gily
517,1,24.9518,2.6845637583892617e-06,True,gily
513,16,266.5212,2.6845637583892617e-06,True,gily
517,193,349.8853,2.6845637583892617e-06,True,gily
513,175,111.6978,2.684563758389262e-06,True,gily
521,52,134.0752,2.9082774049217005e-06,True,gily
497,190,337.615,2.9082774049217005e-06,True,gily
505,86,119.0749,2.9082774049217005e-06,True,gily
504,179,309.3111,3.1319910514541385e-06,True,gily
555,93,86.9168,3.1319910514541385e-06,True,gily
550,19,147.0402,3.131991051454139e-06,True,gily
496,10,46.5371,3.131991051454139e-06,True,gily
516,5,259.4754,3.131991051454139e-06,True,gily
519,57,75.814,3.131991051454139e-06,True,gily
512,90,29.9219,3.131991051454139e-06,True,gily
519,93,201.3786,3.13199105145414e-06,True,gily
493,16,98.6745,3.3557046979865773e-06,True,gily
494,45,38.685,3.3557046979865773e-06,True,gily
519,83,260.9305,3.3557046979865773e-06,True,gily
555,92,86.5284,3.3557046979865773e-06,True,gily
545,127,15.8276,3.3557046979865773e-06,False,gily
517,1,214.3424,3.355704697986578e-06,True,gily
504,8,173.0426,3.579418344519016e-06,True,gily
548,2,45.7156,3.579418344519016e-06,True,gily
517,143,207.9939,3.8031319910514536e-06,True,gily
517,178,230.3049,3.8031319910514553e-06,True,gily
526,15,107.5487,3.8031319910514553e-06,True,gily
548,116,65.7277,3.8031319910514553e-06,False,gily
505,64,79.8436,3.8031319910514553e-06,True,gily
493,112,160.7786,3.8031319910514553e-06,True,gily
501,158,116.2795,3.8031319910514553e-06,True,gily
506,8,101.8569,4.026845637583893e-06,True,gily
519,200,311.9363,4.026845637583893e-06,True,gily
512,109,344.5492,4.026845637583893e-06,True,gily
555,93,226.7002,4.250559284116331e-06,True,gily
565,116,63.7517,4.250559284116331e-06,False,gily
555,93,247.5104,4.474272930648769e-06,True,gily
513,174,286.4194,4.47427293064877e-06,True,gily
519,41,51.2847,4.47427293064877e-06,True,gily
513,50,76.9913,4.697986577181208e-06,True,gily
544,13,134.1863,4.697986577181209e-06,True,gily
517,84,185.361,4.697986577181209e-06,True,gily
504,53,233.712,4.697986577181209e-06,True,gily
504,50,39.8123,4.697986577181209e-06,True,gily
504,84,118.794,4.697986577181209e-06,True,gily
548,1,79.5487,4.921700223713647e-06,True,gily
497,161,213.3559,4.921700223713647e-06,True,gily
557,5,173.2341,4.921700223713647e-06,True,gily
506,21,267.6119,4.921700223713648e-06,True,gily
497,120,184.3758,4.921700223713648e-06,True,gily
497,116,235.2988,4.921700223713648e-06,True,gily
497,202,329.163,4.921700223713648e-06,True,gily
517,129,227.9385,4.921700223713648e-06,True,gily
541,19,314.738,5.1454138702460855e-06,False,gily
493,36,221.883,5.1454138702460855e-06,True,gily
526,15,185.6381,5.1454138702460855e-06,True,gily
519,41,323.0235,5.1454138702460855e-06,True,gily
512,114,309.8775,5.1454138702460855e-06,True,gily
517,32,32.4871,5.369127516778524e-06,True,gily
512,91,352.631,5.369127516778524e-06,True,gily
541,8,303.745,5.369127516778524e-06,True,gily
497,27,20.8611,5.369127516778524e-06,True,gily
497,124,175.1112,5.369127516778524e-06,True,gily
526,93,315.7631,5.369127516778524e-06,True,gily
504,8,312.7486,5.5928411633109614e-06,True,gily
504,8,184.1606,5.592841163310962e-06,True,gily
519,116,38.9107,5.592841163310962e-06,True,gily
501,206,189.6157,5.592841163310962e-06,True,gily
519,145,176.399,5.592841163310963e-06,True,gily
505,88,195.9421,5.592841163310963e-06,True,gily
497,173,108.4152,5.592841163310963e-06,True,gily
504,190,45.1716,5.592841163310963e-06,True,gily
497,161,313.569,5.8165548098434e-06,True,gily
504,8,247.7647,5.8165548098434e-06,True,gily
506,14,289.2489,5.816554809843401e-06,True,gily
518,7,73.0673,5.816554809843401e-06,True,gily
512,12,201.8243,5.816554809843401e-06,True,gily
549,17,355.3411,6.04026845637584e-06,True,gily
517,20,200.393,6.04026845637584e-06,True,gily
504,193,69.6809,6.263982102908277e-06,True,gily
497,155,347.529,6.263982102908277e-06,True,gily
493,116,262.0134,6.487695749440716e-06,True,gily
504,115,83.8748,6.487695749440716e-06,True,gily
517,129,59.6295,6.487695749440716e-06,True,gily
565,93,83.0947,6.7114093959731546e-06,True,gily
504,8,196.7107,6.7114093959731546e-06,True,gily
504,0,266.3015,6.7114093959731546e-06,True,gily
504,8,351.808,6.935123042505593e-06,True,gily
514,17,139.7509,6.935123042505593e-06,True,gily
548,115,164.8718,6.935123042505593e-06,False,gily
512,87,343.0925,6.935123042505594e-06,True,gily
506,33,245.4254,7.158836689038031e-06,True,gily
497,119,47.0398,7.158836689038031e-06,True,gily
520,4,35.5728,7.158836689038031e-06,True,gily
519,5,230.3545,7.38255033557047e-06,True,gily
545,172,103.8338,7.38255033557047e-06,True,gily
513,57,131.1326,7.38255033557047e-06,True,gily
526,74,182.234,7.38255033557047e-06,True,gily
525,11,135.8236,7.38255033557047e-06,True,gily
519,146,108.8627,7.38255033557047e-06,True,gily
508,17,352.8935,7.382550335570472e-06,True,gily
555,93,338.5078,7.382550335570472e-06,True,gily
565,128,273.6835,7.606263982102909e-06,True,gily
513,60,226.6339,7.606263982102909e-06,True,gily
506,14,11.8806,7.606263982102909e-06,True,gily
497,13,97.8623,7.606263982102909e-06,True,gily
513,97,153.5826,7.606263982102909e-06,True,gily
513,65,346.6275,7.606263982102911e-06,True,gily
526,93,198.6238,7.829977628635348e-06,True,gily
517,112,328.6431,7.829977628635348e-06,True,gily
504,27,115.7254,8.053691275167787e-06,True,gily
504,159,198.5787,8.277404921700225e-06,True,gily
513,44,49.6086,8.277404921700225e-06,True,gily
526,5,221.3621,8.277404921700225e-06,True,gily
519,206,293.3612,8.501118568232662e-06,True,gily
497,191,115.9596,8.7248322147651e-06,True,gily
513,60,321.7901,8.724832214765101e-06,True,gily
517,140,138.0316,8.94854586129754e-06,True,gily
505,63,286.1062,8.94854586129754e-06,True,gily
505,139,234.8665,9.17225950782998e-06,True,gily
504,9,200.8303,9.395973154362418e-06,True,gily
512,88,59.9795,9.395973154362418e-06,True,gily
508,82,186.6466,9.395973154362418e-06,True,gily
519,85,161.0143,9.619686800894856e-06,True,gily
508,83,305.4499,9.619686800894856e-06,True,gily
517,106,171.321,9.619686800894858e-06,True,gily
515,2,5.2487,9.843400447427292e-06,True,gily
505,27,254.1763,9.843400447427292e-06,True,gily
515,6,268.1742,9.843400447427295e-06,True,gily
497,71,39.6261,1.0067114093959734e-05,True,gily
518,8,325.815,1.0290827740492173e-05,True,gily
548,14,285.3784,1.0290827740492173e-05,True,gily
504,66,165.053,1.0290827740492173e-05,True,gily
513,140,96.7768,1.0290827740492173e-05,True,gily
501,119,127.4755,1.0290827740492173e-05,True,gily
501,175,92.259,1.0290827740492173e-05,True,gily
508,18,26.7796,1.0514541387024608e-05,True,gily
557,43,280.8125,1.0514541387024608e-05,True,gily
493,113,14.8354,1.0514541387024608e-05,True,gily
504,100,176.0544,1.0514541387024608e-05,True,gily
494,43,255.5976,1.0738255033557049e-05,True,gily
517,112,171.7833,1.0961968680089486e-05,True,gily
513,126,213.7251,1.0961968680089487e-05,True,gily
548,127,303.5255,1.1185682326621925e-05,True,gily
513,83,190.8238,1.1185682326621925e-05,True,gily
526,97,193.2211,1.1185682326621926e-05,True,gily
501,171,78.7497,1.1185682326621926e-05,True,gily
494,1,232.4107,1.1409395973154363e-05,True,gily
497,155,270.6309,1.1409395973154363e-05,True,gily
521,15,48.5407,1.1409395973154363e-05,True,gily
525,0,222.7177,1.1633109619686804e-05,True,gily
504,167,122.3429,1.1633109619686804e-05,True,gily
508,55,193.7907,1.185682326621924e-05,True,gily
519,143,101.8786,1.2080536912751678e-05,True,gily
497,196,306.0507,1.2080536912751678e-05,True,gily
505,130,71.9896,1.2080536912751678e-05,True,gily
549,14,299.5213,1.208053691275168e-05,True,gily
504,113,157.0011,1.2304250559284115e-05,True,gily
504,9,61.3247,1.2304250559284115e-05,True,gily
505,15,153.3365,1.2304250559284115e-05,True,gily
501,159,278.551,1.230425055928412e-05,True,gily
505,23,131.7753,1.2527964205816554e-05,True,gily
517,166,145.0713,1.2975391498881432e-05,True,gily
513,174,245.4444,1.2975391498881432e-05,True,gily
493,58,55.6693,1.2975391498881432e-05,True,gily
517,82,355.1804,1.2975391498881432e-05,True,gily
519,117,334.0737,1.3199105145413872e-05,True,gily
519,42,168.8595,1.3422818791946307e-05,True,gily
517,162,97.5389,1.3646532438478746e-05,True,gily
515,2,333.134,1.364653243847875e-05,True,gily
517,157,222.6832,1.3870246085011188e-05,True,gily
504,8,225.3251,1.3870246085011188e-05,True,gily
517,14,313.6429,1.45413870246085e-05,True,gily
517,82,189.0944,1.4988814317673376e-05,True,gily
549,3,315.3261,1.498881431767338e-05,True,gily
548,115,284.2469,1.498881431767338e-05,False,gily
499,5,223.7078,1.5212527964205818e-05,True,gily
517,114,140.2484,1.5212527964205818e-05,True,gily
515,9,293.697,1.5212527964205818e-05,True,gily
501,124,86.2279,1.5436241610738255e-05,True,gily
565,93,21.0028,1.5659955257270695e-05,True,gily
517,98,135.2859,1.56599552572707e-05,True,gily
494,24,206.3621,1.588366890380313e-05,True,gily
555,92,345.8259,1.6107382550335573e-05,True,gily
504,200,176.9204,1.6107382550335573e-05,True,gily
541,3,99.329,1.6107382550335573e-05,True,gily
497,71,259.8274,1.633109619686801e-05,True,gily
504,56,161.5576,1.633109619686801e-05,True,gily
497,27,356.3572,1.633109619686801e-05,True,gily
513,187,94.027,1.633109619686801e-05,True,gily
545,3,102.3031,1.633109619686801e-05,True,gily
526,15,34.8662,1.655480984340045e-05,True,gily
501,145,80.5073,1.6778523489932888e-05,True,gily
505,65,63.4032,1.7002237136465325e-05,True,gily
497,195,178.1329,1.7225950782997762e-05,True,gily
513,140,152.2406,1.7225950782997762e-05,True,gily
526,5,197.701,1.7225950782997762e-05,True,gily
504,93,158.7841,1.74496644295302e-05,True,gily
512,93,254.141,1.7449664429530202e-05,True,gily
519,28,262.8989,1.767337807606264e-05,True,gily
506,38,318.7403,1.789709172259508e-05,True,gily
497,96,281.8009,1.812080536912752e-05,True,gily
493,37,254.6756,1.812080536912752e-05,True,gily
545,83,39.1197,1.812080536912752e-05,True,gily
541,3,194.7872,1.812080536912752e-05,True,gily
497,112,14.0757,1.834451901565996e-05,True,gily
519,7,193.6055,1.8568232662192395e-05,True,gily
493,3,77.0035,1.8568232662192395e-05,True,gily
497,197,233.0834,1.9463087248322143e-05,True,gily
517,3,192.0116,1.9463087248322143e-05,True,gily
517,160,241.0922,1.946308724832215e-05,True,gily
493,16,49.8686,1.968680089485459e-05,True,gily
565,94,142.702,2.0134228187919465e-05,True,gily
565,33,76.8929,2.0134228187919468e-05,True,gily
530,16,307.384,2.0357941834451905e-05,True,gily
530,10,63.4045,2.0581655480984346e-05,True,gily
555,51,182.6327,2.147651006711409e-05,True,gily
501,131,154.5794,2.147651006711409e-05,True,gily
517,19,202.0318,2.1700223713646528e-05,True,gily
504,87,147.121,2.1923937360178965e-05,True,gily
504,106,266.2791,2.1923937360178968e-05,True,gily
555,0,42.9709,2.259507829977629e-05,True,gily
504,151,115.965,2.2818791946308727e-05,True,gily
504,167,130.6919,2.2818791946308727e-05,True,gily
497,115,41.2386,2.32662192393736e-05,True,gily
497,103,260.5428,2.3266219239373608e-05,True,gily
525,1,224.9073,2.371364653243848e-05,True,gily
513,107,220.0372,2.371364653243848e-05,True,gily
552,40,270.0148,2.393736017897092e-05,True,gily
517,181,125.1269,2.393736017897092e-05,True,gily
508,27,284.7245,2.393736017897092e-05,True,gily
548,3,53.9883,2.416107382550336e-05,True,gily
497,67,355.0703,2.416107382550336e-05,True,gily
497,70,154.9724,2.460850111856824e-05,True,gily
545,153,33.7173,2.460850111856824e-05,False,gily
504,115,358.1128,2.483221476510068e-05,True,gily
545,180,93.7924,2.5055928411633108e-05,False,gily
517,179,147.3321,2.5503355704697986e-05,True,gily
552,94,267.1108,2.550335570469799e-05,True,gily
545,145,86.3823,2.550335570469799e-05,False,gily
517,144,94.5077,2.61744966442953e-05,True,gily
545,82,198.748,2.61744966442953e-05,True,gily
548,116,97.0503,2.6398210290827744e-05,False,gily
519,96,150.815,2.6398210290827744e-05,True,gily
548,113,79.6018,2.6398210290827744e-05,True,gily
513,140,37.9167,2.662192393736018e-05,True,gily
517,97,179.2537,2.706935123042505e-05,True,gily
504,88,246.5929,2.7516778523489936e-05,True,gily
519,55,73.4921,2.8187919463087248e-05,True,gily
504,8,111.5856,2.818791946308725e-05,True,gily
565,30,51.4584,2.8411633109619688e-05,True,gily
504,72,93.0749,2.8411633109619688e-05,True,gily
497,209,136.2964,2.863534675615212e-05,True,gily
548,130,21.4284,2.8635346756152125e-05,True,gily
545,178,75.6688,2.8635346756152125e-05,True,gily
545,83,149.1167,2.953020134228188e-05,True,gily
494,45,11.0741,2.975391498881431e-05,True,gily
512,25,79.8697,2.9753914988814324e-05,True,gily
517,4,259.5403,2.9977628635346755e-05,True,gily
508,82,289.2641,2.9977628635346755e-05,True,gily
555,140,178.0634,2.997762863534676e-05,False,gily
504,52,36.3205,3.02013422818792e-05,True,gily
493,12,298.5575,3.064876957494407e-05,True,gily
504,170,116.32,3.087248322147651e-05,True,gily
541,19,350.57,3.1096196868008944e-05,False,gily
512,107,227.6555,3.176733780760627e-05,True,gily
548,10,13.909,3.221476510067114e-05,True,gily
517,169,190.5062,3.31096196868009e-05,True,gily
519,144,161.2764,3.355704697986577e-05,True,gily
548,116,37.3689,3.355704697986577e-05,False,gily
512,105,305.5108,3.48993288590604e-05,True,gily
512,34,19.4261,3.512304250559284e-05,True,gily
496,7,137.5062,3.512304250559284e-05,True,gily
548,4,202.9609,3.5123042505592845e-05,True,gily
504,93,135.432,3.5123042505592845e-05,True,gily
517,38,118.0545,3.5794183445190146e-05,True,gily
545,28,18.2676,3.579418344519015e-05,True,gily
497,198,63.1361,3.646532438478748e-05,True,gily
504,195,137.3019,3.668903803131991e-05,True,gily
555,92,254.2743,3.713646532438479e-05,True,gily
519,55,228.0815,3.736017897091723e-05,True,gily
513,130,200.5683,3.7583892617449664e-05,True,gily
517,179,17.2456,3.89261744966443e-05,True,gily
493,12,231.8181,3.914988814317673e-05,True,gily
517,180,299.8002,3.914988814317674e-05,True,gily
545,128,328.5159,3.982102908277404e-05,True,gily
521,19,218.7304,4.004474272930648e-05,True,gily
518,5,52.2655,4.138702460850112e-05,True,gily
513,156,253.9215,4.1387024608501125e-05,True,gily
526,5,174.9385,4.161073825503356e-05,True,gily
565,104,244.9821,4.1834451901566e-05,True,gily
504,144,140.2339,4.272930648769576e-05,True,gily
517,61,280.2716,4.317673378076063e-05,True,gily
497,122,326.1739,4.362416107382551e-05,True,gily
548,154,140.9391,4.384787472035794e-05,True,gily
535,27,302.5689,4.384787472035794e-05,True,gily
505,102,311.2129,4.451901565995526e-05,True,gily
526,37,130.2561,4.519015659955257e-05,True,gily
526,10,98.3306,4.519015659955257e-05,True,gily
526,0,12.6657,4.519015659955257e-05,True,gily
519,118,296.4666,4.541387024608501e-05,True,gily
529,3,333.79,4.675615212527965e-05,False,gily
541,19,245.9668,4.697986577181208e-05,False,gily
555,130,286.6108,4.720357941834452e-05,False,gily
506,59,191.1965,4.720357941834452e-05,True,gily
565,98,165.4439,4.832214765100671e-05,True,gily
513,182,341.2654,4.832214765100671e-05,True,gily
516,1,257.614,4.876957494407159e-05,True,gily
541,4,112.2441,4.899328859060403e-05,True,gily
513,151,111.3393,4.8993288590604034e-05,True,gily
565,94,225.9501,4.921700223713646e-05,True,gily
535,10,262.6817,5.05592841163311e-05,True,gily
519,43,48.2111,5.100671140939597e-05,True,gily
505,138,55.7772,5.100671140939597e-05,True,gily
505,61,131.3004,5.123042505592841e-05,True,gily
512,58,7.7238,5.145413870246085e-05,True,gily
501,134,251.6803,5.1901565995525726e-05,True,gily
565,33,14.3551,5.302013422818792e-05,True,gily
497,154,50.5059,5.369127516778522e-05,True,gily
518,5,296.2345,5.369127516778524e-05,True,gily
519,6,193.4946,5.503355704697986e-05,True,gily
552,91,12.6897,5.503355704697987e-05,True,gily
555,76,275.3411,5.6152125279642055e-05,True,gily
501,133,46.6129,5.637583892617448e-05,True,gily
504,53,85.181,0.0005785234899328,True,undergrad
504,164,264.0936,0.0003742729306487,True,undergrad
519,197,34.3236,0.0014959731543624,True,undergrad
565,113,295.3863,0.0019308724832214,False,undergrad
504,68,110.9477,0.0002422818791946,True,undergrad
497,202,56.6127,0.0022673378076062,True,undergrad
510,3,357.6569,0.0023829977628635,True,undergrad
516,4,320.5496,8.948545861297539e-07,True,undergrad
517,63,66.1481,0.0010671140939597,True,undergrad
513,181,97.2715,0.0,False,undergrad
545,81,353.425,7.404921700223714e-05,True,undergrad
515,19,204.827,0.0019997762863534,True,undergrad
548,128,74.4885,8.948545861297539e-07,True,undergrad
526,11,329.4826,1.3422818791946309e-06,True,undergrad
517,176,222.3919,0.0017302013422818,True,undergrad
545,175,199.949,0.0005744966442953,True,undergrad
526,29,191.9102,0.0,False,undergrad
508,83,324.1159,0.0008870246085011,True,undergrad
513,62,312.4417,0.0002847874720357,True,undergrad
549,15,321.7816,0.0008608501118568,True,undergrad
493,14,55.11,0.0027753914988814,True,undergrad
519,142,59.6915,0.0021046979865771,True,undergrad
513,180,335.6089,0.0,False,undergrad
512,86,94.7659,0.0032393736017897,True,undergrad
493,15,198.0223,0.0016648769574944,True,undergrad
511,0,197.8947,0.002693288590604,True,undergrad
545,123,64.6391,0.0022545861297539,False,undergrad
496,7,70.3059,0.0002015659955257,True,undergrad
521,49,325.352,0.0,False,undergrad
492,6,266.4432,0.0,False,undergrad
493,21,114.616,0.0031476510067114,True,undergrad
493,97,13.6379,4.47427293064877e-07,True,undergrad
492,14,343.9219,0.0,False,undergrad
512,14,195.8241,0.0001590604026845,True,undergrad
555,26,49.645,0.0020809843400447,True,undergrad
497,141,109.3422,0.0001608501118568,True,undergrad
499,15,83.4862,0.0004711409395973,True,undergrad
526,20,245.7957,2.237136465324385e-07,False,undergrad
519,130,52.3531,0.0,False,undergrad
493,44,22.7822,0.001865548098434,True,undergrad
534,3,169.9414,0.0006590604026845,True,undergrad
549,6,89.1784,0.0001413870246085,True,undergrad
512,35,266.5997,0.0026129753914988,True,undergrad
513,146,92.4007,0.0036519015659955,True,undergrad
534,13,68.8094,0.0004680089485458,True,undergrad
545,170,281.858,0.000959284116331,True,undergrad
501,21,250.9381,0.0021941834451901,True,undergrad
526,7,154.5067,0.000638255033557,True,undergrad
504,54,30.6182,0.0001561521252796,True,undergrad
548,156,217.6565,0.0001232662192393,True,undergrad
557,71,20.5486,0.0013252796420581,True,undergrad
517,116,189.4235,0.0,False,undergrad
493,76,44.9619,0.0035615212527964,True,undergrad
492,12,131.8405,0.0,False,undergrad
517,1,238.1477,0.001421029082774,True,undergrad
504,124,184.1127,0.0,False,undergrad
519,192,260.9923,0.0011664429530201,True,undergrad
555,54,351.1431,0.0002156599552572,True,undergrad
501,215,212.4305,0.0,False,undergrad
504,113,346.1552,0.001221029082774,True,undergrad
545,73,218.0241,0.0009328859060402,True,undergrad
497,143,108.4265,8.389261744966443e-05,True,undergrad
513,104,88.5285,6.711409395973154e-05,True,undergrad
519,120,210.7736,0.0,False,undergrad
504,145,141.5739,0.000776510067114,True,undergrad
512,0,179.0339,0.0001270693512304,True,undergrad
544,13,204.8674,4.47427293064877e-07,False,undergrad
517,114,171.315,0.00221096196868,True,undergrad
510,15,317.1448,0.0,False,undergrad
526,8,187.7448,0.0036183445190156,True,undergrad
505,128,116.5515,0.0007800894854586,True,undergrad
548,116,340.4578,7.673378076062641e-05,True,undergrad
517,12,63.4994,0.0001295302013422,True,undergrad
519,4,55.004,0.0001541387024608,True,undergrad
517,13,288.9273,0.0008252796420581,True,undergrad
516,5,204.2364,8.948545861297539e-07,True,undergrad
511,10,11.0016,6.711409395973154e-07,False,undergrad
514,9,154.791,1.5659955257270692e-06,True,undergrad
517,173,52.9387,0.0036404921700223,True,undergrad
505,133,249.0093,0.0023158836689038,True,undergrad
501,124,73.5634,0.0,False,undergrad
505,195,155.0685,0.0005977628635346,True,undergrad
493,28,56.3483,0.0032136465324384,True,undergrad
504,134,285.6995,0.002503803131991,True,undergrad
545,74,222.1741,0.0023154362416107,True,undergrad
513,142,74.1754,0.0004031319910514,True,undergrad
504,67,345.4469,0.0011299776286353,True,undergrad
513,52,192.0962,9.865771812080538e-05,True,undergrad
497,6,96.6316,0.0020085011185682,True,undergrad
519,191,113.9122,0.0011771812080536,True,undergrad
513,183,82.9771,0.0008675615212527,True,undergrad
501,166,252.8058,0.0031559284116331,True,undergrad
508,38,236.2109,0.0,True,undergrad
504,124,27.5214,0.0,True,undergrad
565,101,188.8404,0.0004800894854586,True,undergrad
517,125,188.6538,0.0,True,undergrad
513,107,15.1585,0.0029747203579418,True,undergrad
550,46,275.7165,0.0028375838926174,False,undergrad
493,12,134.6919,0.002531096196868,True,undergrad
501,34,20.4776,0.0017872483221476,True,undergrad
555,41,241.2273,0.0001100671140939,True,undergrad
518,5,334.079,0.0031156599552572,True,undergrad
501,120,202.3753,0.0008816554809843,True,undergrad
545,180,177.4949,0.0013434004474272,False,undergrad
505,10,115.9967,0.0,True,undergrad
545,169,79.5886,0.0010185682326621,True,undergrad
519,37,341.7891,0.0006272930648769,True,undergrad
518,1,95.9259,0.0011577181208053,True,undergrad
555,190,219.6024,0.0004140939597315,True,undergrad
512,92,110.5039,4.47427293064877e-07,True,undergrad
497,164,329.8587,9.507829977628635e-05,True,undergrad
544,13,116.9668,0.0,False,undergrad
518,7,339.8667,0.002142058165548,True,undergrad
511,9,26.2998,2.237136465324385e-07,False,undergrad
518,2,162.4427,2.237136465324385e-07,False,undergrad
526,88,156.6709,0.0004912751677852,True,undergrad
515,14,256.5403,0.0,False,undergrad
505,192,271.8925,0.0032355704697986,True,undergrad
504,169,168.672,0.0028859060402684,True,undergrad
501,102,339.1401,0.0004451901565995,True,undergrad
504,182,126.8368,0.0,False,undergrad
504,203,42.4208,0.0,False,undergrad
497,128,199.4821,0.0036633109619686,True,undergrad
504,127,359.0091,0.0,False,undergrad
517,139,185.7677,0.0025733780760626,True,undergrad
519,121,166.8928,0.0012979865771812,True,undergrad
519,36,145.9283,0.0019706935123042,True,undergrad
494,1,187.1238,1.1185682326621925e-06,True,undergrad
513,11,219.58,0.0029259507829977,True,undergrad
512,94,268.2179,0.0004098434004474,True,undergrad
565,31,16.8996,0.0034633109619686,True,undergrad
508,41,227.8526,0.0022628635346756,True,undergrad
519,101,39.7834,0.0002217002237136,True,undergrad
497,131,200.3553,0.0003131991051454,False,undergrad
508,80,328.3219,0.0023064876957494,True,undergrad
497,143,226.4707,0.0002357941834451,True,undergrad
501,124,172.0387,0.0,False,undergrad
501,208,298.6412,0.0036203579418344,True,undergrad
545,127,66.0547,0.0003778523489932,False,undergrad
504,121,69.4481,0.0003263982102908,True,undergrad
517,167,274.3884,0.0001335570469798,True,undergrad
505,146,84.5128,0.0023429530201342,True,undergrad
493,38,210.5936,0.0030590604026845,True,undergrad
505,4,94.4925,0.0005767337807606,True,undergrad
552,4,32.3125,0.0005812080536912,True,undergrad
517,18,347.8203,0.0022762863534675,True,undergrad
519,90,92.3827,0.0017107382550335,True,undergrad
504,68,203.839,0.0020677852348993,True,undergrad
492,10,308.0485,0.0,False,undergrad
505,36,339.4175,2.237136465324385e-07,False,undergrad
525,3,250.0277,0.0,True,undergrad
545,179,34.5881,0.0027957494407158,True,undergrad
493,13,298.598,0.0013572706935123,True,undergrad
548,17,36.4574,0.0002389261744966,True,undergrad
493,50,333.2811,0.0013767337807606,True,undergrad
506,16,288.5646,1.5659955257270697e-06,True,undergrad
513,172,201.2628,0.0,False,undergrad
514,16,133.0852,0.0026782997762863,True,undergrad
525,4,173.4651,0.0,False,undergrad
517,177,102.8194,0.0002926174496644,True,undergrad
513,148,39.4535,0.0009167785234899,True,undergrad
505,7,265.4016,0.0,False,undergrad
526,11,297.8312,0.0008550335570469,True,undergrad
501,74,32.5011,0.0017212527964205,True,undergrad
504,82,133.5088,0.0,False,undergrad
526,24,146.5833,0.0,False,undergrad
508,56,97.9701,0.000128187919463,True,undergrad
510,5,147.3732,0.0003295302013422,True,undergrad
545,110,296.1186,1.1185682326621925e-06,False,undergrad
526,19,304.4049,0.0,False,undergrad
518,16,154.8586,0.0,False,undergrad
499,16,197.6873,0.0031677852348993,True,undergrad
517,31,201.3814,0.0003360178970917,True,undergrad
518,22,311.0094,0.0025505592841163,True,undergrad
555,11,148.5553,0.00168322147651,True,undergrad
506,45,253.3337,0.000186577181208,True,undergrad
513,93,248.2659,0.0,False,undergrad
535,7,311.0402,0.0011541387024608,True,undergrad
526,20,108.9569,0.0,False,undergrad
513,102,133.0507,0.0003046979865771,True,undergrad
521,53,266.8874,0.0,True,undergrad
493,90,278.2422,0.0032308724832214,True,undergrad
514,12,79.363,0.0011011185682326,True,undergrad
519,56,209.9784,0.0014328859060402,True,undergrad
506,46,297.5361,0.0029713646532438,True,undergrad
519,125,317.4265,0.0,False,undergrad
492,20,87.3529,0.0003731543624161,True,undergrad
517,192,129.1234,0.0,False,undergrad
550,16,227.1484,0.0009644295302013,True,undergrad
545,178,325.4337,0.000131543624161,True,undergrad
517,126,143.9786,0.0035930648769574,True,undergrad
501,23,50.6841,0.0004134228187919,True,undergrad
504,150,70.5949,0.0026841163310961,True,undergrad
519,121,337.7534,0.0,False,undergrad
517,131,42.2881,0.0021689038031319,True,undergrad
519,113,23.1492,0.0004127516778523,False,undergrad
526,9,106.898,0.0,False,undergrad
501,174,245.7371,0.0010156599552572,True,undergrad
514,13,116.0266,4.47427293064877e-07,True,undergrad
504,171,89.9777,0.0031051454138702,True,undergrad
549,3,140.1574,0.0033217002237136,True,undergrad
506,35,261.7785,0.0036979865771812,True,undergrad
545,123,139.1521,0.0005384787472035,False,undergrad
519,131,114.7761,0.0,False,undergrad
518,20,358.0572,0.0035427293064876,True,undergrad
525,16,316.6846,0.0010447427293064,True,undergrad
505,126,318.5804,0.0017552572706935,True,undergrad
512,104,223.8903,6.39821029082774e-05,True,undergrad
517,163,339.1374,0.0016787472035794,True,undergrad
545,169,138.0524,5.92841163310962e-05,True,undergrad
518,9,100.2038,0.0028246085011185,True,undergrad
506,39,306.6789,0.0018702460850111,True,undergrad
519,17,194.074,0.0002738255033557,True,undergrad
501,160,126.1824,0.0014033557046979,True,undergrad
513,42,71.475,6.711409395973154e-07,True,undergrad
501,61,51.5134,0.0024465324384787,True,undergrad
497,116,18.2392,1.1185682326621925e-06,True,undergrad
517,193,24.6787,0.0037389261744966,True,undergrad
541,12,86.2682,0.000110514541387,True,undergrad
548,0,234.1154,0.0024201342281879,True,undergrad
513,136,306.2793,0.0,False,undergrad
517,15,287.2753,0.0015161073825503,True,undergrad
497,169,329.834,0.0,False,undergrad
497,98,321.8531,0.0027219239373601,True,undergrad
506,46,70.2621,0.0003149888143176,True,undergrad
545,73,146.4508,0.0001722595078299,True,undergrad
505,129,30.409,0.003041610738255,True,undergrad
494,1,126.2362,0.0016456375838926,True,undergrad
513,40,350.1481,1.3422818791946309e-06,False,undergrad
518,22,96.7409,0.0016796420581655,True,undergrad
535,13,149.7996,0.0007136465324384,True,undergrad
506,24,210.3569,0.0014979865771812,True,undergrad
517,178,91.9241,0.0021885906040268,True,undergrad
504,176,196.9702,0.0,False,undergrad
548,121,230.6045,0.003600447427293,False,undergrad
501,221,124.3057,0.0010212527964205,True,undergrad
521,53,17.2572,0.0005241610738255,True,undergrad
517,96,208.765,0.0013053691275167,True,undergrad
513,51,69.5139,0.0021017897091722,True,undergrad
493,40,74.1986,0.0034702460850111,True,undergrad
545,170,166.4141,0.0035695749440715,True,undergrad
505,37,273.1268,0.0006060402684563,True,undergrad
511,7,138.9898,0.0007489932885906,True,undergrad
494,19,356.381,0.0004988814317673,True,undergrad
494,34,140.9423,0.0037413870246085,True,undergrad
504,135,15.5494,0.0,True,undergrad
505,138,258.1031,9.328859060402686e-05,True,undergrad
501,168,275.644,0.0017859060402684,True,undergrad
515,10,251.3314,4.47427293064877e-07,True,undergrad
492,13,114.6253,0.0,False,undergrad
548,2,142.2775,0.0018673378076062,True,undergrad
492,5,222.14,0.0,False,undergrad
518,1,136.6559,0.0028975391498881,True,undergrad
493,39,6.8181,0.0015100671140939,True,undergrad
519,92,76.8715,0.0018485458612975,True,undergrad
512,113,196.1784,0.0,False,undergrad
497,192,201.8652,6.711409395973154e-07,True,undergrad
512,112,111.8752,0.0,True,undergrad
548,20,152.5906,7.606263982102909e-05,True,undergrad
517,16,282.3788,0.0,False,undergrad
526,95,3.2853,0.0010818791946308,True,undergrad
548,3,185.4327,0.0031995525727069,True,undergrad
517,123,240.9832,0.0012136465324384,True,undergrad
519,84,27.5135,0.00178322147651,True,undergrad
506,19,187.6232,0.0,False,undergrad
497,140,71.4267,0.0001239373601789,True,undergrad
545,169,31.9563,0.000917673378076,True,undergrad
555,173,119.6636,0.0005901565995525,True,undergrad
565,94,17.8648,9.463087248322146e-05,True,undergrad
497,93,87.3945,0.0036527964205816,True,undergrad
505,11,56.775,0.0,True,undergrad
519,3,323.3141,0.0006053691275167,True,undergrad
519,27,209.1063,6.442953020134228e-05,True,undergrad
504,97,187.5334,0.0002114093959731,True,undergrad
545,84,99.3309,0.0034467561521252,True,undergrad
497,23,174.773,0.0020183445190156,True,undergrad
501,102,272.2867,0.0002565995525727,True,undergrad
504,95,189.4015,0.0036091722595078,True,undergrad
565,31,143.0059,0.0029384787472035,True,undergrad
515,12,240.7643,0.0,False,undergrad
517,125,257.4136,0.0033782997762863,True,undergrad
545,75,67.8877,0.0015434004474272,True,undergrad
545,177,295.6193,0.0001456375838926,True,undergrad
505,85,65.0803,0.0,False,undergrad
497,213,196.1471,0.0,False,undergrad
497,135,312.8142,0.0,False,undergrad
526,9,253.4045,0.0022548098434004,True,undergrad
513,179,30.3435,0.0008357941834451,True,undergrad
497,136,15.5938,0.0,False,undergrad
526,31,225.6234,0.0,False,undergrad
517,122,260.6321,0.0,False,undergrad
545,163,117.1774,0.0008476510067114,True,undergrad
513,96,174.6692,8.948545861297539e-07,True,undergrad
497,175,159.1487,0.0010709172259507,True,undergrad
526,42,96.2918,0.0009736017897091,True,undergrad
517,95,343.4102,0.0031250559284116,True,undergrad
565,97,48.2108,0.0010691275167785,True,undergrad
513,179,124.2099,1.5659955257270692e-06,False,undergrad
565,36,221.114,0.0022442953020134,True,undergrad
508,49,206.1188,0.0008331096196868,True,undergrad
519,17,346.1932,0.0002087248322147,True,undergrad
520,3,125.4421,0.0035384787472035,True,undergrad
493,119,163.8331,0.0011118568232662,True,undergrad
548,127,318.2323,0.0001375838926174,True,undergrad
497,140,343.0705,0.0013472035794183,False,undergrad
519,118,66.5543,0.0002393736017897,True,undergrad
534,3,339.7807,0.0009514541387024,True,undergrad
519,151,287.0471,0.0001740492170022,True,undergrad
505,94,295.9414,6.510067114093959e-05,True,undergrad
513,91,279.0129,0.0035979865771812,True,undergrad
517,190,209.9191,0.0028078299776286,True,undergrad
501,169,183.5756,0.0020557046979865,True,undergrad
513,54,93.5886,0.0,False,undergrad
518,7,123.3711,0.0026082774049217,True,undergrad
565,122,226.3559,0.001496644295302,True,undergrad
512,92,260.9433,0.001959284116331,True,undergrad
508,54,174.6246,0.0017040268456375,True,undergrad
513,127,273.7362,0.0003413870246085,True,undergrad
555,94,47.3441,0.0003923937360178,True,undergrad
521,12,163.3287,0.0003091722595078,True,undergrad
497,170,20.9067,0.0,False,undergrad
497,116,320.3898,2.237136465324385e-07,True,undergrad
504,82,316.3829,0.0,True,undergrad
517,179,305.5312,0.0011527964205816,True,undergrad
517,123,106.2246,0.0013498881431767,True,undergrad
492,10,275.5436,0.0,False,undergrad
508,40,231.349,0.0033776286353467,True,undergrad
494,21,29.9901,0.0009912751677852,True,undergrad
504,116,93.436,0.0011181208053691,True,undergrad
521,6,137.4369,0.0018306487695749,True,undergrad
519,23,291.537,0.000124384787472,True,undergrad
517,164,352.1188,0.0006747203579418,True,undergrad
505,73,341.1273,0.0035664429530201,True,undergrad
504,165,165.6898,0.0016624161073825,True,undergrad
555,23,15.5465,0.0023961968680089,True,undergrad
497,108,283.1734,0.0006923937360178,True,undergrad
525,12,42.5038,0.0027407158836689,True,undergrad
565,96,196.0902,0.0010539149888143,True,undergrad
517,196,41.3851,2.237136465324385e-07,True,undergrad
545,108,172.694,0.0002017897091722,False,undergrad
513,178,312.6778,0.0005234899328859,True,undergrad
519,43,83.7563,0.0003548098434004,True,undergrad
505,133,107.5586,0.0006219239373601,True,undergrad
565,158,254.6855,0.001021029082774,True,undergrad
504,65,315.1424,0.0033319910514541,True,undergrad
545,171,181.4609,0.001086577181208,True,undergrad
513,125,266.6857,0.0007342281879194,True,undergrad
517,194,170.7246,0.0017436241610738,True,undergrad
504,135,329.675,0.0008091722595078,True,undergrad
510,15,105.5671,0.0022136465324384,True,undergrad
555,43,12.6944,0.0030568232662192,True,undergrad
513,103,327.5306,0.0027286353467561,True,undergrad
493,45,121.5233,0.0002246085011185,True,undergrad
541,6,28.5779,0.0001255033557046,True,undergrad
513,73,55.3743,0.0009597315436241,True,undergrad
494,43,119.5941,0.0019331096196868,True,undergrad
493,110,78.2703,0.0007519015659955,True,undergrad
513,188,314.8544,0.0008033557046979,True,undergrad
498,2,172.9065,0.0,False,undergrad
493,123,99.6343,0.0020953020134228,True,undergrad
505,88,312.566,0.0036563758389261,True,undergrad
548,163,95.5701,0.0034404921700223,True,undergrad
517,94,188.8198,0.0,False,undergrad
501,89,98.9062,0.0008241610738255,True,undergrad
518,3,335.9342,1.3422818791946309e-06,True,undergrad
513,62,247.1966,2.237136465324385e-07,True,undergrad
497,124,310.9124,0.0008228187919463,True,undergrad
527,10,135.1229,0.0023539149888143,True,undergrad
519,115,208.7132,1.1185682326621925e-06,True,undergrad
505,132,93.0753,0.0034612975391498,True,undergrad
508,55,276.6567,0.0028127516778523,True,undergrad
506,28,100.1256,6.532438478747204e-05,True,undergrad
492,11,217.8941,1.3422818791946309e-06,False,undergrad
504,99,7.1985,0.0009199105145413,True,undergrad
565,99,241.0278,0.0004140939597315,True,undergrad
513,142,109.7057,0.0012270693512304,True,undergrad
548,2,342.2333,0.0001961968680089,True,undergrad
517,125,46.4786,0.0,True,undergrad
521,53,202.8939,0.0035064876957494,True,undergrad
497,213,63.615,0.0007686800894854,True,undergrad
526,32,277.8972,0.0,False,undergrad
519,130,236.806,0.0,False,undergrad
517,118,309.0508,0.0,False,undergrad
497,35,129.7154,0.0004736017897091,True,undergrad
497,206,148.1351,0.002907158836689,True,undergrad
565,126,16.4724,0.0018738255033557,True,undergrad
513,185,74.6796,0.0009731543624161,True,undergrad
519,123,193.2795,0.0,False,undergrad
494,1,147.1843,0.0006156599552572,True,undergrad
497,114,143.4649,4.47427293064877e-07,True,undergrad
513,104,166.466,0.0001357941834451,True,undergrad
518,8,106.2327,0.0024393736017897,True,undergrad
548,115,49.633,0.0,False,undergrad
545,174,66.2075,0.0018060402684563,True,undergrad
518,8,252.0946,0.0,True,undergrad
501,36,138.7494,0.0019400447427293,True,undergrad
521,50,248.5848,0.0020252796420581,True,undergrad
504,68,147.5888,0.0031422818791946,True,undergrad
504,182,314.1289,0.0,False,undergrad
518,24,273.9581,0.0020532438478747,True,undergrad
550,1,58.0053,0.0033557046979865,True,undergrad
516,1,159.0899,6.353467561521253e-05,True,undergrad
505,193,310.3129,0.0018067114093959,True,undergrad
493,108,6.2267,8.859060402684565e-05,True,undergrad
548,160,158.8036,0.0001653243847874,True,undergrad
505,179,126.4934,0.0018664429530201,True,undergrad
508,38,171.5145,0.0001118568232662,True,undergrad
517,122,199.0824,0.0009116331096196,True,undergrad
530,9,150.3325,0.003762192393736,True,undergrad
512,57,349.3863,0.0006123042505592,True,undergrad
526,40,205.7694,0.0,False,undergrad
497,190,253.665,2.237136465324385e-07,True,undergrad
497,191,12.1601,0.002552125279642,True,undergrad
545,170,46.3878,6.80089485458613e-05,True,undergrad
527,0,126.3328,0.0022507829977628,True,undergrad
494,33,145.0423,2.237136465324385e-07,True,undergrad
516,6,297.0349,2.237136465324385e-07,False,undergrad
493,86,211.0865,0.001300447427293,True,undergrad
519,42,203.7549,0.0034344519015659,True,undergrad
506,43,38.6071,0.0012409395973154,True,undergrad
565,22,191.6919,8.7248322147651e-05,True,undergrad
508,8,138.4566,0.0013977628635346,True,undergrad
508,60,287.0473,0.000745413870246,True,undergrad
492,12,286.9691,1.3422818791946309e-06,False,undergrad
521,13,246.0321,0.0014194630872483,True,undergrad
512,57,211.042,0.0029268456375838,True,undergrad
545,72,304.4462,8.948545861297539e-07,True,undergrad
548,115,247.853,0.0002042505592841,False,undergrad
513,138,111.7755,6.711409395973154e-07,False,undergrad
517,44,298.5428,0.001648769574944,True,undergrad
497,23,301.7989,0.0,False,undergrad
549,15,274.7889,0.0021879194630872,True,undergrad
506,66,49.7166,0.0001914988814317,True,undergrad
519,193,51.9308,0.0009800894854586,True,undergrad
505,160,289.3138,0.0027852348993288,True,undergrad
565,100,33.5776,0.000931543624161,True,undergrad
501,166,312.8658,0.0003536912751677,True,undergrad
519,205,93.1979,0.0020192393736017,True,undergrad
545,164,118.1149,0.0019228187919463,True,undergrad
505,88,64.4123,0.0014955257270693,True,undergrad
514,12,160.5269,0.0014127516778523,True,undergrad
519,79,182.8351,0.0,False,undergrad
541,18,182.7159,0.0005894854586129,True,undergrad
505,160,312.9173,0.002079418344519,True,undergrad
493,114,106.7989,0.0024494407158836,True,undergrad
504,117,219.6355,0.0016507829977628,True,undergrad
493,92,79.924,0.0030375838926174,True,undergrad
517,127,106.8344,4.47427293064877e-07,True,undergrad
548,155,338.2229,0.000741610738255,True,undergrad
517,138,299.9464,0.0017409395973154,True,undergrad
517,121,302.6922,0.0,False,undergrad
504,196,223.1303,5.995525727069351e-05,True,undergrad
545,178,166.5724,0.0027082774049217,False,undergrad
541,3,19.0365,0.0003008948545861,True,undergrad
513,138,243.4579,0.0,False,undergrad
521,45,250.2548,8.523489932885905e-05,True,undergrad
497,2,354.6273,0.0021872483221476,True,undergrad
517,2,36.9911,0.0022096196868008,True,undergrad
493,26,96.5264,0.0024583892617449,True,undergrad
513,177,215.2532,0.0035586129753914,True,undergrad
517,94,220.8154,0.0,False,undergrad
512,34,226.4752,0.0016961968680089,True,undergrad
504,141,346.1228,0.0005894854586129,True,undergrad
506,57,337.8277,0.0,False,undergrad
518,9,27.1306,0.0,True,undergrad
545,108,216.7789,0.0002953020134228,False,undergrad
545,29,7.3244,0.0020076062639821,True,undergrad
497,213,340.354,0.0,False,undergrad
518,1,276.8047,0.0,False,undergrad
504,137,232.7781,0.0035331096196868,False,undergrad
517,90,64.8885,0.0024024608501118,True,undergrad
534,3,91.1408,0.0002532438478747,True,undergrad
526,16,299.9498,0.0,True,undergrad
512,45,216.8327,0.0012407158836689,True,undergrad
548,158,33.8605,0.0002953020134228,False,undergrad
512,91,210.3623,1.5659955257270697e-06,True,undergrad
493,98,96.3965,0.0007534675615212,True,undergrad
494,35,35.8101,0.0035816554809843,True,undergrad
501,189,25.6721,0.0026568232662192,True,undergrad
513,171,246.1408,0.0,False,undergrad
521,1,122.2116,0.0018440715883668,True,undergrad
501,110,301.5386,0.0,False,undergrad
565,30,156.3799,0.0010114093959731,True,undergrad
508,73,311.7267,0.0001586129753914,True,undergrad
493,16,25.0459,0.0010615212527964,True,undergrad
555,189,80.1797,0.0003080536912751,True,undergrad
545,75,53.5375,0.0010022371364653,True,undergrad
501,164,160.5852,0.0020628635346756,True,undergrad
559,10,93.5297,0.0002756152125279,True,undergrad
504,82,346.7029,0.0015062639821029,True,undergrad
519,79,286.4541,0.0013930648769574,True,undergrad
517,117,279.4449,0.0,False,undergrad
497,169,168.2101,2.237136465324385e-07,False,undergrad
517,28,302.0564,0.0020458612975391,True,undergrad
517,94,319.8328,0.0015610738255033,True,undergrad
504,123,262.2967,0.0,True,undergrad
504,206,262.2584,0.0014031319910514,True,undergrad
555,137,52.1126,0.0007409395973154,False,undergrad
555,40,159.268,0.000869351230425,True,undergrad
497,24,41.4056,0.0029923937360178,True,undergrad
526,33,83.5539,0.0,False,undergrad
505,13,22.0077,0.0008814317673378,True,undergrad
548,148,256.9517,0.0030322147651006,True,undergrad
517,130,40.3786,0.0008744966442953,True,undergrad
526,12,46.5332,0.0,True,undergrad
519,177,274.6082,8.948545861297539e-07,True,undergrad
497,138,128.6562,0.0,False,undergrad
519,37,229.7907,4.47427293064877e-07,True,undergrad
499,11,341.0124,0.0014284116331096,True,undergrad
545,28,279.5871,0.0009583892617449,True,undergrad
526,97,92.8753,0.0003615212527964,True,undergrad
506,55,165.5213,0.0002689038031319,True,undergrad
555,14,287.8081,0.0025733780760626,True,undergrad
545,29,126.6305,0.0008123042505592,True,undergrad
504,100,241.8954,0.0001883668903803,True,undergrad
508,56,205.3782,0.0011225950782997,True,undergrad
501,135,239.8181,0.0018749440715883,True,undergrad
519,99,293.6918,0.0036519015659955,True,undergrad
519,5,325.3479,0.0023863534675615,True,undergrad
493,8,189.7599,0.001707158836689,True,undergrad
513,31,27.6234,0.0012149888143176,True,undergrad
501,67,162.2216,0.0002536912751677,True,undergrad
526,94,84.8499,0.0001988814317673,True,undergrad
509,18,260.9219,0.0020185682326621,True,undergrad
545,170,219.2843,0.001082774049217,True,undergrad
501,188,250.8603,0.0,False,undergrad
493,46,130.9146,0.0031856823266219,True,undergrad
501,173,279.5475,0.0008237136465324,True,undergrad
511,10,80.9039,0.0020599552572706,True,undergrad
513,52,110.9944,0.0026908277404921,True,undergrad
555,65,15.9748,0.0030979865771812,True,undergrad
515,13,247.6743,0.0,False,undergrad
497,200,250.3884,0.001793288590604,True,undergrad
501,185,325.3073,0.0027006711409395,True,undergrad
548,157,218.9269,0.0008787472035794,False,undergrad
565,126,237.7502,9.149888143176736e-05,True,undergrad
513,100,7.2746,1.3422818791946309e-06,True,undergrad
519,164,135.6146,0.0001317673378076,True,undergrad
517,194,114.3182,0.0037516778523489,True,undergrad
512,46,20.7719,0.0028107382550335,True,undergrad
493,52,6.403,0.0004011185682326,True,undergrad
501,113,327.7045,0.0001713646532438,True,undergrad
513,83,27.0801,0.0019295302013422,True,undergrad
519,88,219.185,0.0010006711409395,True,undergrad
519,187,317.1626,1.3422818791946309e-06,True,undergrad
512,112,313.267,0.0,False,undergrad
525,6,200.8155,0.0,False,undergrad
545,143,293.4516,0.0005950782997762,False,undergrad
565,93,188.9605,0.0015494407158836,True,undergrad
519,177,151.5811,0.0003279642058165,True,undergrad
516,2,152.4958,0.0022718120805369,True,undergrad
492,3,147.0253,0.0,False,undergrad
517,170,161.9672,0.0009040268456375,True,undergrad
497,173,324.6156,4.47427293064877e-07,True,undergrad
565,33,326.6322,0.0034067114093959,True,undergrad
513,171,31.5442,0.0,False,undergrad
512,99,70.2197,0.0017035794183445,True,undergrad
506,68,116.6648,0.0003020134228187,True,undergrad
517,137,305.5477,0.0011796420581655,True,undergrad
497,103,271.0083,0.0026134228187919,True,undergrad
506,58,264.4298,0.0,False,undergrad
534,4,153.8186,0.0005398210290827,False,undergrad
504,67,145.6748,0.0021111856823266,True,undergrad
505,21,19.7205,8.903803131991053e-05,True,undergrad
506,20,264.1148,0.0005409395973154,True,undergrad
517,30,28.2251,0.0035429530201342,True,undergrad
519,114,69.8919,0.0005163310961968,True,undergrad
501,221,196.9475,0.0036024608501118,True,undergrad
508,55,261.2068,0.0010496644295302,True,undergrad
519,130,255.2112,0.0032192393736017,True,undergrad
497,111,203.7349,6.711409395973154e-07,True,undergrad
501,106,345.5428,0.0024995525727069,True,undergrad
504,112,103.214,0.0006427293064876,True,undergrad
505,4,118.9921,0.0012478747203579,True,undergrad
565,103,339.1032,0.0002565995525727,True,undergrad
494,48,148.147,0.0004742729306487,True,undergrad
517,0,249.0802,0.0023680089485458,True,undergrad
565,29,236.9398,6.241610738255034e-05,True,undergrad
526,9,17.3235,0.0,False,undergrad
497,112,272.7758,1.342281879194631e-06,True,undergrad
519,100,171.5709,0.0019158836689038,True,undergrad
519,58,208.6437,0.0032776286353467,True,undergrad
501,22,242.7207,0.0004060402684563,True,undergrad
548,115,349.2175,4.47427293064877e-07,False,undergrad
493,117,86.5495,0.0037624161073825,True,undergrad
512,105,24.5185,0.0014440715883668,True,undergrad
548,116,148.6829,1.1185682326621925e-06,False,undergrad
544,13,75.4211,0.0004465324384787,False,undergrad
517,81,286.4372,0.0003413870246085,True,undergrad
497,172,347.3838,0.0028214765100671,True,undergrad
517,196,86.2252,0.0033581655480984,True,undergrad
519,2,254.8639,0.0,True,undergrad
550,48,322.3528,2.237136465324385e-07,False,undergrad
501,114,9.466,2.237136465324385e-07,True,undergrad
526,37,315.7398,0.0,False,undergrad
526,94,291.761,0.0033342281879194,True,undergrad
545,13,3.3322,0.0008953020134228,True,undergrad
504,122,175.2991,2.237136465324385e-07,False,undergrad
565,33,276.8884,0.0031232662192393,True,undergrad
513,54,189.0831,2.237136465324385e-07,False,undergrad
493,114,285.99,0.0018961968680089,True,undergrad
526,40,173.9438,0.0,False,undergrad
565,39,82.1015,0.0008624161073825,True,undergrad
519,206,344.9464,0.0025418344519015,True,undergrad
497,204,43.2745,0.0036666666666666,True,undergrad
565,100,213.5882,6.174496644295302e-05,True,undergrad
493,90,118.9118,0.001879418344519,True,undergrad
514,11,113.7931,0.0027020134228187,True,undergrad
513,172,270.4339,0.0005653243847874,True,undergrad
541,6,148.1739,0.0005805369127516,True,undergrad
497,165,350.0295,6.711409395973154e-07,True,undergrad
505,83,354.0131,0.0037530201342281,True,undergrad
513,55,144.2929,0.0,False,undergrad
518,6,48.1135,0.0035532438478747,True,undergrad
501,216,69.0077,0.0,False,undergrad
517,131,255.9299,1.3422818791946309e-06,True,undergrad
504,124,217.3388,0.0,False,undergrad
519,198,107.377,1.3422818791946309e-06,True,undergrad
501,110,24.7624,0.0029870246085011,True,undergrad
565,93,151.1336,0.0031134228187919,True,undergrad
513,73,147.8722,0.0016953020134228,True,undergrad
501,136,265.5268,0.0032662192393736,True,undergrad
512,45,348.5809,0.0007375838926174,True,undergrad
530,9,211.8891,0.0001114093959731,True,undergrad
494,21,6.6162,1.3422818791946309e-06,True,undergrad
552,100,294.2759,0.0031982102908277,True,undergrad
541,9,94.0156,0.0003532438478747,True,undergrad
513,187,336.1164,0.0,True,undergrad
517,108,77.1046,0.0,False,undergrad
501,102,223.8311,0.0002353467561521,True,undergrad
501,88,349.8512,0.0021380313199105,True,undergrad
526,24,176.8184,0.0,False,undergrad
548,86,9.948,0.0011178970917225,True,undergrad
545,153,251.4857,0.0,False,undergrad
513,176,296.7226,0.0018237136465324,True,undergrad
504,9,221.7194,0.0006190156599552,True,undergrad
494,1,82.887,1.1185682326621925e-06,True,undergrad
526,42,49.7527,2.237136465324385e-07,True,undergrad
526,20,28.8683,2.237136465324385e-07,False,undergrad
526,3,299.0159,0.0027682326621923,True,undergrad
504,71,313.0245,0.0006290827740492,True,undergrad
513,108,214.7367,0.0025926174496644,True,undergrad
519,28,30.8502,7.67337807606264e-05,True,undergrad
493,12,110.7566,0.0018064876957494,True,undergrad
492,5,325.3982,0.0,False,undergrad
504,36,47.538,0.0009581655480984,True,undergrad
519,88,162.6295,0.0006512304250559,True,undergrad
548,158,196.2195,0.0035091722595078,True,undergrad
505,86,8.4287,0.0,True,undergrad
526,53,208.5127,6.107382550335571e-05,True,undergrad
513,51,28.0634,0.0,False,undergrad
513,175,335.3979,0.0002950782997762,True,undergrad
501,114,160.3884,5.92841163310962e-05,True,undergrad
506,65,165.5321,0.0021026845637583,True,undergrad
501,89,121.6397,0.0005322147651006,True,undergrad
526,24,53.6186,0.0,False,undergrad
565,93,294.422,0.0007467561521252,True,undergrad
501,62,153.7741,0.0019480984340044,True,undergrad
497,195,114.5026,2.237136465324385e-07,True,undergrad
496,3,244.6923,0.0001890380313199,True,undergrad
513,21,245.5415,9.642058165548098e-05,True,undergrad
518,7,276.0346,0.0,True,undergrad
517,192,180.2968,0.0018680089485458,True,undergrad
516,2,119.4617,0.0012608501118568,True,undergrad
541,7,129.3769,0.0011337807606263,True,undergrad
504,67,96.5487,0.0032051454138702,True,undergrad
519,14,268.4973,6.912751677852349e-05,True,undergrad
513,30,123.8179,0.0002046979865771,True,undergrad
513,182,308.7835,0.0,True,undergrad
501,17,328.0054,0.0035250559284116,True,undergrad
504,5,220.6679,0.0001234899328859,True,undergrad
504,17,13.7305,0.0004825503355704,True,undergrad
497,109,131.509,0.0,True,undergrad
517,94,100.1869,0.0,False,undergrad
501,115,29.2306,0.0030997762863534,True,undergrad
521,5,159.0696,2.237136465324385e-07,True,undergrad
493,15,239.1699,0.0008809843400447,True,undergrad
497,25,294.9167,0.0018295302013422,True,undergrad
511,0,313.6027,0.0016257270693512,True,undergrad
513,56,316.2144,0.0036409395973154,True,undergrad
518,17,236.176,0.0019599552572706,True,undergrad
565,126,146.131,0.0002331096196868,True,undergrad
517,122,355.2362,0.0,False,undergrad
526,90,28.6138,0.0023279642058165,True,undergrad
515,17,333.358,2.237136465324385e-07,True,undergrad
514,10,170.1708,0.0031046979865771,True,undergrad
545,73,29.9633,0.0011709172259507,True,undergrad
497,214,166.3958,0.0,False,undergrad
519,111,316.7648,0.0012675615212527,True,undergrad
497,166,171.5497,0.0026894854586129,True,undergrad
512,5,144.3552,0.0009740492170022,True,undergrad
548,1,7.5693,0.0031393736017897,True,undergrad
504,37,199.4067,0.0007190156599552,True,undergrad
501,111,63.097,0.0,False,undergrad
548,155,275.7384,0.0035914988814317,True,undergrad
504,5,279.7734,0.0029749440715883,True,undergrad
515,0,277.4545,2.237136465324385e-07,True,undergrad
513,70,316.0932,0.0004051454138702,True,undergrad
493,109,237.5142,0.0004026845637583,True,undergrad
497,205,239.8276,0.0035472035794183,True,undergrad
544,12,164.5594,0.0006695749440715,False,undergrad
504,185,255.8441,0.0009577181208053,True,undergrad
517,81,157.2773,0.001131096196868,True,undergrad
557,11,308.0311,0.0008646532438478,True,undergrad
544,10,127.1735,0.0021818791946308,True,undergrad
526,93,88.6775,0.0028823266219239,True,undergrad
510,6,285.6983,0.0001129753914988,True,undergrad
505,137,52.0957,0.0008606263982102,True,undergrad
519,132,228.4805,0.0,False,undergrad
493,44,196.7464,0.0031469798657718,True,undergrad
544,13,226.2264,4.47427293064877e-07,False,undergrad
513,49,327.3388,0.0014049217002237,True,undergrad
550,33,233.8943,0.0016548098434004,False,undergrad
504,9,81.2272,0.002589932885906,True,undergrad
545,177,221.5741,0.0026789709172259,False,undergrad
517,196,251.1907,6.711409395973154e-07,True,undergrad
526,30,291.2338,1.1185682326621925e-06,False,undergrad
521,1,182.0446,0.0015190156599552,True,undergrad
549,15,207.2814,0.0002720357941834,True,undergrad
497,175,21.4283,0.0010706935123042,True,undergrad
513,48,174.3366,0.0004147651006711,True,undergrad
501,155,95.2815,0.0030098434004474,True,undergrad
519,192,189.6993,6.711409395973154e-07,True,undergrad
517,136,176.6026,0.0020780760626398,True,undergrad
504,136,94.3256,8.456375838926175e-05,True,undergrad
519,90,159.8025,0.0032682326621923,True,undergrad
517,181,281.8892,0.0001418344519015,True,undergrad
545,169,255.5925,8.43400447427293e-05,True,undergrad
501,136,132.801,1.1185682326621925e-06,True,undergrad
519,121,20.8389,0.0022154362416107,True,undergrad
530,3,351.3044,0.0026991051454138,True,undergrad
526,16,75.9926,5.838926174496645e-05,True,undergrad
501,112,221.6105,0.0,True,undergrad
555,41,204.5316,0.0007194630872483,True,undergrad
550,36,47.6543,0.0004248322147651,True,undergrad
497,141,281.1205,9.038031319910516e-05,True,undergrad
497,176,164.7465,2.237136465324385e-07,True,undergrad
501,167,8.1152,0.0034930648769574,True,undergrad
517,191,118.6749,0.0012288590604026,True,undergrad
493,15,228.6399,0.001507158836689,True,undergrad
494,2,98.6021,0.0015051454138702,True,undergrad
526,5,1.3326,0.0017762863534675,True,undergrad
545,15,176.9851,0.0001807606263982,True,undergrad
521,53,33.373,0.0031391498881431,True,undergrad
504,50,116.6972,0.0017946308724832,True,undergrad
545,180,193.2497,0.0008460850111856,False,undergrad
513,27,156.4573,0.0001572706935123,True,undergrad
519,56,279.6849,0.0027208053691275,True,undergrad
516,4,90.2762,4.47427293064877e-07,True,undergrad
504,186,349.5233,0.0009221476510067,True,undergrad
494,33,14.6403,4.47427293064877e-07,True,undergrad
515,19,343.3438,0.0018581655480984,True,undergrad
501,201,305.1472,0.0011015659955257,True,undergrad
518,2,190.5426,0.0,False,undergrad
519,191,313.9182,6.711409395973154e-07,True,undergrad
519,83,292.8008,0.0018968680089485,True,undergrad
505,188,308.6149,0.0008127516778523,True,undergrad
517,44,163.0172,0.0001552572706935,True,undergrad
493,37,89.45,0.0029545861297539,True,undergrad
555,39,204.1638,0.0032637583892617,True,undergrad
515,16,290.1241,0.0036492170022371,True,undergrad
510,2,53.8063,1.1185682326621925e-06,True,undergrad
555,70,150.0629,0.001797091722595,True,undergrad
506,59,312.2756,0.0020460850111856,True,undergrad
505,75,264.9904,0.0032803131991051,True,undergrad
518,4,54.2332,6.97986577181208e-05,True,undergrad
497,63,187.2217,0.0027015659955257,True,undergrad
565,34,255.1444,0.0002044742729306,True,undergrad
513,49,69.4106,0.0010022371364653,True,undergrad
512,99,151.6745,0.0020369127516778,True,undergrad
548,153,93.7568,0.0035874720357941,True,undergrad
508,58,107.6413,0.0004192393736017,True,undergrad
517,193,121.5676,4.47427293064877e-07,True,undergrad
545,170,93.27,0.0013201342281879,True,undergrad
565,96,98.7545,1.5659955257270692e-06,True,undergrad
565,30,114.0703,0.0031510067114093,True,undergrad
555,137,149.5732,0.0004261744966442,False,undergrad
513,53,341.0457,0.0,False,undergrad
501,202,120.3097,8.948545861297539e-07,True,undergrad
506,64,337.2445,0.0008302013422818,True,undergrad
513,172,21.6131,0.0,False,undergrad
493,45,286.1999,0.002482774049217,True,undergrad
521,1,353.1144,0.0026221476510067,True,undergrad
565,37,108.0798,0.0012319910514541,True,undergrad
519,112,260.4536,0.0,False,undergrad
508,59,117.4385,0.0015917225950782,True,undergrad
492,2,203.0412,0.0,False,undergrad
517,86,284.8853,0.0037154362416107,True,undergrad
513,72,250.8942,0.0022064876957494,True,undergrad
506,46,184.9582,0.0015747203579418,True,undergrad
496,8,246.9238,0.0008751677852348,True,undergrad
513,51,146.3494,0.0011087248322147,True,undergrad
526,14,237.4605,4.47427293064877e-07,True,undergrad
565,96,19.8935,1.5659955257270692e-06,True,undergrad
555,12,318.054,0.0005002237136465,True,undergrad
497,172,195.0527,0.0037042505592841,True,undergrad
541,9,67.7978,0.0006044742729306,True,undergrad
519,112,305.5781,0.0002069351230425,True,undergrad
516,2,73.37,0.0,True,undergrad
517,196,314.2664,0.0013807606263982,True,undergrad
519,126,213.524,0.0,False,undergrad
517,190,332.9647,0.0017612975391498,True,undergrad
517,30,296.1234,0.0027917225950783,True,undergrad
526,42,137.9315,0.0026503355704697,True,undergrad
545,108,53.1918,0.0001378076062639,False,undergrad
497,207,322.412,0.0,True,undergrad
519,90,199.4177,0.0019422818791946,True,undergrad
501,11,161.4018,0.0015935123042505,True,undergrad
494,27,12.1162,0.0019579418344519,True,undergrad
548,157,282.513,0.0006501118568232,True,undergrad
512,98,342.0697,0.0009912751677852,True,undergrad
516,7,34.2164,0.0,False,undergrad
513,181,266.6483,0.0,False,undergrad
521,51,106.9864,0.0030496644295302,True,undergrad
512,114,347.9165,6.711409395973154e-07,True,undergrad
493,21,185.4504,9.395973154362417e-05,True,undergrad
501,123,156.4534,0.0,False,undergrad
518,6,93.078,0.0028738255033557,True,undergrad
515,0,147.2688,0.0,False,undergrad
565,96,291.8529,0.0001342281879194,True,undergrad
493,117,247.7844,0.0013941834451901,True,undergrad
555,87,85.9997,0.002276062639821,True,undergrad
493,115,181.6194,0.0025208053691275,True,undergrad
519,82,111.7337,0.0001568232662192,True,undergrad
518,14,239.7485,0.0,False,undergrad
493,3,117.0647,0.0035577181208053,True,undergrad
505,13,55.558,2.237136465324385e-07,True,undergrad
513,173,266.4603,0.0019617449664429,True,undergrad
526,14,207.4204,0.0,True,undergrad
519,129,325.3687,0.0,False,undergrad
494,31,68.2243,0.0019697986577181,True,undergrad
517,61,111.4721,0.0018393736017897,True,undergrad
501,29,180.4491,0.0015870246085011,True,undergrad
517,57,310.9381,0.0018677852348993,True,undergrad
519,19,96.8952,0.0001823266219239,True,undergrad
545,73,203.8498,0.0017689038031319,True,undergrad
557,67,189.8168,0.0011939597315436,True,undergrad
497,134,193.3365,0.0,False,undergrad
517,141,251.3254,0.0023445190156599,True,undergrad
550,22,164.4837,0.0014270693512304,True,undergrad
545,171,233.8029,0.0006035794183445,True,undergrad
504,138,51.5177,0.0,False,undergrad
506,55,245.6099,8.366890380313198e-05,True,undergrad
504,67,295.1874,0.0020371364653243,True,undergrad
504,200,266.7054,0.0024373601789709,True,undergrad
504,9,89.8133,0.0006780760626398,True,undergrad
549,4,251.8742,0.0005953020134228,True,undergrad
513,54,124.1081,0.0,False,undergrad
493,58,82.3431,0.0016953020134228,True,undergrad
555,118,266.3371,0.0026881431767337,True,undergrad
517,141,81.7122,0.0017776286353467,True,undergrad
526,31,153.6771,2.237136465324385e-07,False,undergrad
505,86,163.4009,0.0020451901565995,True,undergrad
545,177,132.9911,0.0023013422818791,True,undergrad
513,172,298.7222,0.0010252796420581,True,undergrad
497,136,191.9017,0.0,False,undergrad
493,113,45.6551,0.0023545861297539,True,undergrad
508,57,80.636,0.003489932885906,True,undergrad
549,5,194.9953,0.0008776286353467,True,undergrad
548,113,342.7157,0.0003373601789709,True,undergrad
517,190,299.658,0.0013248322147651,True,undergrad
541,9,195.2265,9.30648769574944e-05,False,undergrad
513,49,209.6329,0.0002255033557046,True,undergrad
555,6,145.3981,0.0002961968680089,True,undergrad
529,8,241.5537,0.0036156599552572,True,undergrad
504,128,338.7689,0.0006060402684563,True,undergrad
501,89,216.3293,0.0025762863534675,True,undergrad
565,33,121.834,0.0035395973154362,True,undergrad
506,32,219.8794,0.0012020134228187,True,undergrad
548,151,135.1296,0.0010458612975391,True,undergrad
513,27,6.8186,0.0035668903803131,True,undergrad
518,2,233.0578,0.0019478747203579,True,undergrad
545,169,297.6693,0.0002098434004474,True,undergrad
517,86,216.2816,0.0001192393736017,True,undergrad
521,0,77.3765,0.0007096196868008,True,undergrad
517,126,334.8757,0.0008995525727069,True,undergrad
505,12,228.0014,0.0,True,undergrad
504,111,165.9739,0.0006123042505592,True,undergrad
505,179,233.4901,0.0025326621923937,True,undergrad
548,115,219.7227,0.0003228187919463,True,undergrad
504,38,207.2059,0.0034085011185682,True,undergrad
505,185,40.3739,0.0014501118568232,True,undergrad
517,177,310.0108,0.0027134228187919,True,undergrad
515,18,130.2336,0.0016127516778523,True,undergrad
497,122,120.8331,6.711409395973154e-07,True,undergrad
505,5,85.6057,0.0,False,undergrad
504,108,346.8189,0.0010751677852348,True,undergrad
505,46,331.1615,6.957494407158837e-05,True,undergrad
516,3,342.8699,0.000279418344519,True,undergrad
505,76,153.8076,0.0001729306487695,True,undergrad
517,97,231.3423,0.00025548098434,True,undergrad
508,60,162.1456,0.0003519015659955,True,undergrad
545,172,249.0105,6.711409395973154e-07,True,undergrad
534,10,44.5747,0.000265995525727,True,undergrad
501,162,320.7944,0.0020977628635346,True,undergrad
512,97,240.3315,0.0002011185682326,True,undergrad
504,68,123.5367,0.0011595078299776,True,undergrad
512,110,171.8885,0.0013353467561521,True,undergrad
517,180,75.2317,0.0012076062639821,True,undergrad
506,27,7.7826,0.0004442953020134,True,undergrad
497,198,236.5371,0.0,True,undergrad
548,159,142.1721,0.0001026845637583,False,undergrad
501,106,149.0771,0.0018022371364653,True,undergrad
513,126,86.5466,0.0033131991051454,True,undergrad
493,16,33.6465,0.0035684563758389,True,undergrad
504,9,248.3515,0.0033738255033557,True,undergrad
514,10,55.6836,0.0034809843400447,True,undergrad
505,156,171.8673,0.0,False,undergrad
499,16,79.9869,0.0017630872483221,True,undergrad
501,205,138.6284,0.0019514541387024,True,undergrad
505,168,212.3216,0.0,False,undergrad
497,8,58.4513,0.0016357941834451,True,undergrad
552,75,138.6391,4.47427293064877e-07,True,undergrad
552,76,300.6119,0.0009456375838926,True,undergrad
506,15,196.8276,0.0006599552572706,True,undergrad
519,85,237.7806,0.0004436241610738,True,undergrad
514,13,57.1384,0.0034729306487695,True,undergrad
555,94,15.8856,0.0001076062639821,True,undergrad
504,52,299.1582,0.0021369127516778,True,undergrad
504,130,310.4055,0.0,False,undergrad
504,149,296.8403,0.0022259507829977,True,undergrad
565,97,223.0602,0.0034248322147651,True,undergrad
493,122,287.819,0.0020165548098434,True,undergrad
526,80,118.7756,0.0004302013422818,True,undergrad
493,21,152.3277,0.0004527964205816,True,undergrad
498,4,260.6412,0.0011653243847874,True,undergrad
552,87,194.2457,0.0009147651006711,True,undergrad
505,7,183.4339,0.0,False,undergrad
512,113,287.4776,0.0,False,undergrad
516,4,73.2141,0.000341610738255,True,undergrad
515,13,281.3837,0.0017997762863534,False,undergrad
493,36,174.5427,0.0034076062639821,True,undergrad
517,119,279.6334,0.0,False,undergrad
565,101,296.205,0.0022841163310961,True,undergrad
511,9,219.6791,2.237136465324385e-07,False,undergrad
512,1,86.0674,0.0014096196868008,True,undergrad
493,11,112.5157,0.0026829977628635,True,undergrad
493,21,21.3919,0.003262639821029,True,undergrad
512,66,215.4207,0.0005156599552572,True,undergrad
501,172,350.796,0.0019011185682326,True,undergrad
497,199,289.4812,0.0016812080536912,True,undergrad
526,34,143.9873,8.232662192393737e-05,True,undergrad
557,44,144.8747,0.0013914988814317,True,undergrad
505,6,191.1766,0.0,False,undergrad
516,6,259.5879,0.0,False,undergrad
513,45,222.9085,0.0013082774049217,True,undergrad
504,9,72.2224,0.0015856823266219,True,undergrad
518,1,194.9042,0.0033152125279642,True,undergrad
505,124,322.7503,0.0026434004474272,True,undergrad
513,70,343.2037,0.0001653243847874,True,undergrad
552,7,69.0065,0.0015067114093959,True,undergrad
544,11,267.2855,0.0008854586129753,True,undergrad
555,164,317.2009,7.15883668903803e-05,True,undergrad
512,113,168.6568,0.0,False,undergrad
505,177,59.0861,0.0,False,undergrad
534,6,234.0823,0.000789932885906,True,undergrad
541,6,229.9919,0.0018192393736017,True,undergrad
519,82,41.406,4.47427293064877e-07,True,undergrad
512,37,185.566,0.0004912751677852,True,undergrad
501,135,133.3674,0.0,True,undergrad
505,9,304.2269,0.0,True,undergrad
497,134,325.7253,0.0032834451901565,False,undergrad
517,119,201.6208,0.0,False,undergrad
535,27,194.7966,8.344519015659956e-05,True,undergrad
517,20,30.5036,0.0037577181208053,True,undergrad
513,60,289.0346,0.0007134228187919,True,undergrad
501,202,162.5312,0.0018697986577181,True,undergrad
526,106,84.9207,0.0019548098434004,True,undergrad
519,110,156.621,0.0025255033557046,True,undergrad
505,183,109.0674,4.47427293064877e-07,True,undergrad
497,167,12.6764,0.0,True,undergrad
529,13,71.4544,0.0001270693512304,True,undergrad
505,48,162.2812,0.0007380313199105,True,undergrad
506,30,81.9304,0.0,False,undergrad
516,7,129.4555,0.0,False,undergrad
521,1,30.5708,0.0,True,undergrad
497,174,126.9243,0.0008774049217002,True,undergrad
513,17,227.7734,0.0031590604026845,True,undergrad
535,25,148.9931,0.00095548098434,True,undergrad
501,190,155.6804,0.0029646532438478,True,undergrad
497,7,93.367,0.0011434004474272,True,undergrad
498,1,104.2017,0.0,False,undergrad
518,8,196.2823,2.237136465324385e-07,True,undergrad
545,175,231.5605,0.0001512304250559,True,undergrad
512,1,251.184,0.0035695749440715,True,undergrad
555,39,115.6509,0.0002541387024608,True,undergrad
520,1,145.4411,0.0002178970917225,False,undergrad
506,38,264.1442,0.0002275167785234,True,undergrad
527,9,154.8607,0.0001628635346756,True,undergrad
517,139,174.8867,0.003417673378076,True,undergrad
501,130,155.3209,0.0006536912751677,True,undergrad
552,91,140.7553,0.0012008948545861,True,undergrad
527,11,164.0178,0.0018362416107382,True,undergrad
493,51,89.7956,0.000865548098434,True,undergrad
505,6,203.3335,0.0,False,undergrad
534,8,190.8208,0.0031946308724832,True,undergrad
565,98,225.4441,0.0010107382550335,True,undergrad
526,12,179.3488,0.0015194630872483,True,undergrad
519,128,222.2601,0.0,False,undergrad
501,123,259.084,0.0,False,undergrad
517,92,209.6147,0.0010123042505592,True,undergrad
508,39,37.6753,0.0035161073825503,True,undergrad
505,158,68.8656,0.0,False,undergrad
550,1,216.1411,0.0011800894854586,True,undergrad
497,97,169.8691,0.002779865771812,True,undergrad
501,174,55.2074,0.0034539149888143,True,undergrad
504,159,37.6155,0.0021523489932885,True,undergrad
548,153,284.0791,0.0004008948545861,True,undergrad
505,184,340.1942,0.0,True,undergrad
519,111,234.3085,0.0,False,undergrad
545,171,141.0505,0.0001684563758389,True,undergrad
512,60,306.4556,0.0022847874720357,True,undergrad
498,4,163.1084,0.0035129753914988,True,undergrad
555,136,295.4501,0.0001288590604026,False,undergrad
518,13,98.4186,4.47427293064877e-07,True,undergrad
501,208,100.6579,2.237136465324385e-07,True,undergrad
493,16,12.6229,0.0033080536912751,True,undergrad
552,61,65.9909,0.0001187919463087,True,undergrad
516,6,236.0842,0.0,False,undergrad
505,157,34.8017,0.0,False,undergrad
508,17,39.0112,0.0024863534675615,True,undergrad
501,216,148.4973,0.0,False,undergrad
555,41,173.2169,0.0005885906040268,True,undergrad
501,185,113.4225,0.0023879194630872,True,undergrad
552,91,255.8029,0.0006706935123042,True,undergrad
504,20,295.2618,0.0007713646532438,True,undergrad
513,69,83.339,0.003310514541387,True,undergrad
512,97,271.1748,0.0029785234899328,True,undergrad
497,6,181.8306,0.0022503355704697,True,undergrad
552,72,337.6157,0.0024935123042505,True,undergrad
512,90,76.0341,0.0009586129753914,True,undergrad
519,98,12.9742,0.0005742729306487,True,undergrad
494,1,165.6762,0.0008355704697986,True,undergrad
517,191,288.7818,0.0016342281879194,True,undergrad
515,10,125.8326,0.0034085011185682,True,undergrad
565,95,138.1308,0.0002427293064876,True,undergrad
505,9,350.1861,0.0035302013422818,True,undergrad
513,43,85.9799,0.0028771812080536,True,undergrad
493,52,354.6169,0.0017503355704697,True,undergrad
498,5,190.1796,0.0,True,undergrad
497,98,91.1731,0.0003046979865771,True,undergrad
565,116,36.6014,0.0001534675615212,False,undergrad
497,170,323.6109,0.0,True,undergrad
534,4,298.1121,9.395973154362418e-05,False,undergrad
505,8,294.9019,6.711409395973154e-07,True,undergrad
505,101,227.307,0.0001507829977628,True,undergrad
501,194,313.8481,0.0,False,undergrad
522,9,108.3261,0.0,False,undergrad
493,12,232.4698,0.0014324384787472,True,undergrad
548,157,24.2463,0.0016859060402684,True,undergrad
555,100,313.0498,0.0028948545861297,True,undergrad
506,17,60.6593,0.0005944071588366,True,undergrad
517,161,118.3197,8.098434004474274e-05,True,undergrad
517,193,204.0647,2.237136465324385e-07,True,undergrad
519,24,107.6869,0.0009232662192393,True,undergrad
501,186,31.6195,0.001189932885906,True,undergrad
493,97,27.51,0.0031286353467561,True,undergrad
497,123,168.5015,0.002976062639821,True,undergrad
504,138,99.3476,0.0,False,undergrad
497,154,304.5582,0.0013917225950782,True,undergrad
505,124,99.0003,0.0028333333333333,True,undergrad
513,66,116.4519,0.0025881431767337,True,undergrad
565,34,30.8276,0.0002223713646532,True,undergrad
501,221,180.9521,0.0032404921700223,True,undergrad
518,16,109.1113,0.0,False,undergrad
514,4,80.58,0.0031894854586129,True,undergrad
541,19,91.6648,0.0009353467561521,True,undergrad
555,11,190.6001,0.0012610738255033,True,undergrad
494,25,275.8248,2.237136465324385e-07,True,undergrad
534,12,116.2753,6.711409395973154e-07,True,undergrad
513,30,132.2173,0.0021302013422818,True,undergrad
492,10,257.5724,0.0,False,undergrad
565,95,347.9213,0.0001205816554809,True,undergrad
518,5,82.1768,0.0,True,undergrad
506,41,173.8192,0.0029510067114093,True,undergrad
501,114,104.2273,0.0005093959731543,True,undergrad
493,41,260.3762,0.0027395973154362,True,undergrad
545,179,15.1553,0.0005610738255033,True,undergrad
514,17,141.8342,0.0018664429530201,False,undergrad
512,56,39.2474,0.0029319910514541,True,undergrad
545,132,93.27,0.0003525727069351,True,undergrad
519,131,335.2397,0.0,False,undergrad
548,152,152.6661,1.5659955257270692e-06,True,undergrad
505,14,282.4118,0.0001234899328859,True,undergrad
513,45,111.6013,0.0014894854586129,True,undergrad
493,50,35.1795,0.0025026845637583,True,undergrad
548,90,68.3376,0.0037163310961968,True,undergrad
497,6,307.1621,0.0007252796420581,True,undergrad
530,9,57.8194,0.003572706935123,True,undergrad
519,110,250.0395,2.237136465324385e-07,True,undergrad
534,15,42.9872,0.0033463087248322,True,undergrad
552,7,77.0134,0.0036040268456375,True,undergrad
493,90,37.5719,0.0018946308724832,True,undergrad
519,189,338.7171,0.0002418344519015,True,undergrad
504,65,300.2717,0.0005577181208053,True,undergrad
513,138,90.6831,0.0009299776286353,True,undergrad
504,69,248.6344,0.0034527964205816,True,undergrad
497,93,210.4097,0.0021617449664429,True,undergrad
504,82,171.5911,0.0007805369127516,True,undergrad
517,122,14.0444,0.0027639821029082,True,undergrad
513,183,171.7692,0.0003046979865771,True,undergrad
526,31,331.8908,0.0,False,undergrad
505,64,95.0442,0.0006818791946308,True,undergrad
526,93,235.7955,0.0009838926174496,True,undergrad
517,164,200.6719,0.0013776286353467,True,undergrad
545,168,326.7121,0.0005577181208053,True,undergrad
493,118,162.8922,0.0001733780760626,True,undergrad
496,9,352.1606,2.237136465324385e-07,True,undergrad
522,12,341.8529,0.0032706935123042,True,undergrad
517,190,147.0227,0.0018565995525727,True,undergrad
555,71,311.8751,0.0030152125279642,True,undergrad
519,125,184.9795,0.0,False,undergrad
505,87,8.8692,0.0005597315436241,True,undergrad
506,19,251.9534,0.0,False,undergrad
545,82,86.0029,7.248322147651007e-05,True,undergrad
505,78,4.0714,0.0015968680089485,True,undergrad
513,103,147.4553,0.0002590604026845,True,undergrad
513,42,272.1293,0.0,False,undergrad
565,33,212.3885,0.0010612975391498,True,undergrad
501,216,194.542,0.0,False,undergrad
545,169,190.6128,0.0005747203579418,True,undergrad
497,157,143.6024,6.711409395973154e-07,True,undergrad
497,68,352.9903,0.0006729306487695,True,undergrad
545,106,281.6773,0.0018389261744966,False,undergrad
526,31,40.0239,4.47427293064877e-07,False,undergrad
512,10,307.0759,0.0020261744966442,True,undergrad
513,21,47.2505,4.47427293064877e-07,True,undergrad
519,193,151.0622,0.0013111856823266,True,undergrad
501,190,112.535,0.0,False,undergrad
505,89,142.5663,0.0002861297539149,True,undergrad
510,15,55.1483,0.0019823266219239,True,undergrad
545,113,122.7325,1.5659955257270697e-06,False,undergrad
519,114,21.793,0.0,False,undergrad
526,16,203.9092,0.0,True,undergrad
517,63,177.6881,0.0008172259507829,True,undergrad
501,207,224.0083,0.001162639821029,True,undergrad
534,4,228.9869,0.0003749440715883,False,undergrad
506,17,267.2663,0.0018953020134228,True,undergrad
504,95,53.9092,0.0020628635346756,True,undergrad
526,70,90.9093,0.0017953020134228,True,undergrad
548,114,132.3414,0.0007067114093959,False,undergrad
565,125,238.7372,0.0016489932885906,True,undergrad
545,124,170.508,2.237136465324385e-07,False,undergrad
504,65,331.5284,0.0012409395973154,True,undergrad
497,133,125.3734,0.0025729306487695,False,undergrad
505,126,88.3167,0.0016436241610738,True,undergrad
505,5,13.1764,0.002521029082774,True,undergrad
550,37,311.0105,0.0024666666666666,False,undergrad
565,115,297.4929,0.0013134228187919,False,undergrad
497,156,277.0047,0.0009402684563758,True,undergrad
519,68,181.9453,7.0917225950783e-05,True,undergrad
508,58,16.3948,0.0006266219239373,True,undergrad
519,175,242.4709,9.597315436241612e-05,True,undergrad
513,129,41.6199,0.0023060402684563,True,undergrad
545,165,59.1471,0.0026778523489932,True,undergrad
517,175,35.5433,0.0016988814317673,True,undergrad
497,104,155.7395,0.0015664429530201,True,undergrad
497,68,235.2631,0.0013854586129753,True,undergrad
501,225,301.8866,0.0035536912751677,True,undergrad
565,80,274.5374,0.0006373601789709,True,undergrad
550,4,240.9375,0.0001702460850111,True,undergrad
497,175,99.0662,0.0031861297539149,True,undergrad
518,11,228.9637,0.0009035794183445,True,undergrad
519,149,17.7991,0.0017158836689038,True,undergrad
504,10,164.1919,0.002569351230425,True,undergrad
504,67,280.4257,0.0012174496644295,True,undergrad
517,192,245.6679,0.001682774049217,True,undergrad
521,50,106.8609,0.0026642058165548,True,undergrad
526,71,60.5583,0.0017637583892617,True,undergrad
548,153,79.6472,1.1185682326621925e-06,True,undergrad
517,121,2.8289,0.0023366890380313,False,undergrad
513,80,86.5858,0.0006778523489932,True,undergrad
512,114,159.3701,0.0,False,undergrad
525,6,226.1092,4.47427293064877e-07,False,undergrad
519,58,11.8111,0.0014230425055928,True,undergrad
548,122,116.9085,0.0011821029082774,True,undergrad
505,158,100.9851,0.0,False,undergrad
517,78,297.0899,0.003503803131991,True,undergrad
501,133,223.7047,7.002237136465324e-05,True,undergrad
545,123,163.2627,0.0014780760626398,True,undergrad
504,37,332.7648,0.0021093959731543,True,undergrad
545,175,267.2783,0.0020427293064876,True,undergrad
496,0,284.2508,0.0,False,undergrad
517,165,137.7595,0.0003129753914988,True,undergrad
501,163,335.7289,4.47427293064877e-07,True,undergrad
545,86,176.4021,0.0020718120805369,True,undergrad
499,11,131.4462,0.0008404921700223,True,undergrad
519,141,180.6242,0.003293736017897,True,undergrad
513,108,145.6596,0.0002986577181208,True,undergrad
504,82,159.9276,0.0,False,undergrad
492,6,216.3495,0.0,False,undergrad
525,2,181.6922,0.0034834451901565,True,undergrad
501,134,84.4186,2.237136465324385e-07,True,undergrad
548,114,332.2759,6.196868008948547e-05,False,undergrad
555,26,227.0382,0.0003149888143176,True,undergrad
565,93,240.7827,0.002200447427293,True,undergrad
519,154,118.7761,0.003728187919463,True,undergrad
492,10,190.38,0.0,False,undergrad
493,120,276.9265,0.0013371364653243,True,undergrad
565,12,231.3035,8.903803131991052e-05,True,undergrad
548,22,215.2042,8.948545861297539e-07,False,undergrad
504,191,264.1583,0.0018190156599552,True,undergrad
513,95,35.8385,0.0,False,undergrad
497,27,79.8119,0.0024876957494407,True,undergrad
505,5,117.0429,0.0,False,undergrad
513,128,178.0434,0.0013174496644295,True,undergrad
504,94,14.3151,5.838926174496644e-05,True,undergrad
508,58,206.5885,0.0025619686800894,True,undergrad
519,187,350.81,0.0013125279642058,True,undergrad
501,79,213.9361,6.554809843400448e-05,True,undergrad
525,11,183.0353,6.711409395973154e-07,True,undergrad
512,25,239.9937,6.97986577181208e-05,True,undergrad
512,57,48.6165,8.948545861297539e-07,True,undergrad
557,68,95.7167,0.000210514541387,True,undergrad
504,137,29.1196,0.0,False,undergrad
493,26,294.0275,0.0023049217002237,True,undergrad
501,145,13.2808,0.0005178970917225,True,undergrad
517,138,266.4281,0.0019017897091722,True,undergrad
505,188,353.4233,0.0024360178970917,True,undergrad
513,175,254.8973,0.0,True,undergrad
519,155,174.6428,0.0005055928411633,True,undergrad
513,88,144.451,0.0008805369127516,True,undergrad
519,78,235.057,0.0015181208053691,True,undergrad
544,18,259.6968,0.0006610738255033,False,undergrad
545,172,48.073,0.0001266219239373,True,undergrad
519,41,149.2575,0.002572706935123,True,undergrad
519,84,345.1045,0.0033704697986577,True,undergrad
513,104,27.6969,5.950782997762864e-05,True,undergrad
504,68,186.397,0.0016861297539149,True,undergrad
526,39,30.2858,4.47427293064877e-07,False,undergrad
493,32,23.3746,0.0036559284116331,True,undergrad
504,130,183.3172,0.0,False,undergrad
505,130,96.7186,0.001069351230425,True,undergrad
517,14,14.0162,0.003362639821029,True,undergrad
526,16,227.6442,6.711409395973154e-07,True,undergrad
493,118,77.5437,5.727069351230425e-05,True,undergrad
497,110,26.5551,0.0005006711409395,True,undergrad
520,2,247.2789,4.47427293064877e-07,True,undergrad
497,191,274.6313,4.47427293064877e-07,True,undergrad
548,90,204.4842,0.0019217002237136,True,undergrad
545,94,215.2855,0.0003134228187919,True,undergrad
493,26,283.4724,0.001945413870246,True,undergrad
506,35,218.7574,0.0036469798657718,True,undergrad
512,13,67.6837,0.0020610738255033,True,undergrad
504,185,166.317,0.0,False,undergrad
504,67,257.0796,0.001859284116331,True,undergrad
512,97,2.7612,0.0028069351230425,True,undergrad
493,86,142.9522,0.0010825503355704,True,undergrad
498,4,113.2114,0.0,False,undergrad
501,137,342.4578,0.0029272930648769,True,undergrad
505,169,232.0847,4.47427293064877e-07,False,undergrad
504,152,108.7303,0.0019259507829977,True,undergrad
497,4,348.5116,0.0002134228187919,True,undergrad
504,106,317.7676,0.0001080536912751,True,undergrad
501,167,281.0109,0.0006190156599552,True,undergrad
510,16,103.4725,0.0,False,undergrad
497,166,92.7316,0.0031950782997762,True,undergrad
517,123,46.5101,0.0,False,undergrad
518,2,19.9532,0.0,False,undergrad
517,128,90.143,0.0007228187919463,True,undergrad
513,105,6.0023,0.0025914988814317,True,undergrad
519,130,178.9066,0.0,False,undergrad
519,191,342.5882,0.0,True,undergrad
497,195,8.8744,0.0,True,undergrad
515,11,317.3602,0.0,True,undergrad
501,135,183.2399,0.0028431767337807,True,undergrad
501,186,299.0468,0.0,False,undergrad
501,60,24.109,0.0005033557046979,True,undergrad
519,115,11.9458,6.711409395973154e-07,True,undergrad
501,88,183.8555,0.0035163310961968,True,undergrad
520,4,182.8691,4.47427293064877e-07,True,undergrad
508,41,127.9672,0.0003246085011185,True,undergrad
501,165,206.9305,0.0037024608501118,True,undergrad
517,47,124.6025,0.0033749440715883,True,undergrad
504,178,137.7212,8.948545861297539e-07,True,undergrad
517,93,59.0756,0.0037131991051454,True,undergrad
535,0,225.3254,0.0,True,undergrad
505,121,50.275,0.000296644295302,True,undergrad
512,96,249.144,0.001038255033557,True,undergrad
517,177,271.5917,0.0006373601789709,True,undergrad
518,16,201.7972,0.0,True,undergrad
517,89,148.7214,0.0,False,undergrad
555,101,318.6394,0.0037586129753914,True,undergrad
504,125,44.1642,0.0,False,undergrad
509,4,325.121,0.0020736017897091,True,undergrad
555,9,21.1636,0.0004816554809843,True,undergrad
565,33,355.2511,0.0022944071588366,True,undergrad
565,100,115.4823,9.507829977628635e-05,True,undergrad
513,43,57.594,0.0012847874720357,True,undergrad
493,117,129.7457,0.0003510067114093,True,undergrad
545,108,257.7886,0.0002642058165548,False,undergrad
518,20,67.8036,6.711409395973154e-07,True,undergrad
492,4,192.4373,2.237136465324385e-07,False,undergrad
501,185,144.0194,0.0032863534675615,True,undergrad
501,192,79.1621,0.0006165548098434,True,undergrad
505,158,167.9227,0.0,False,undergrad
517,94,21.3542,0.0,False,undergrad
496,14,96.4219,0.0020120805369127,True,undergrad
501,202,84.4042,0.0036624161073825,True,undergrad
555,76,97.9156,0.0017680089485458,True,undergrad
545,75,242.717,0.0016800894854586,True,undergrad
492,11,322.6529,0.0,False,undergrad
519,3,253.4726,0.0023608501118568,True,undergrad
519,204,182.708,0.0,False,undergrad
496,3,276.7652,0.003493736017897,True,undergrad
493,38,25.532,4.47427293064877e-07,True,undergrad
494,43,163.0946,0.0008961968680089,True,undergrad
521,29,356.4229,0.000372706935123,True,undergrad
497,177,97.2735,0.0020127516778523,True,undergrad
501,131,290.7146,0.0009033557046979,True,undergrad
504,8,141.7764,0.0002378076062639,True,undergrad
504,11,78.148,0.0032874720357941,True,undergrad
565,34,173.2135,0.0009718120805369,True,undergrad
497,34,130.5256,0.0001187919463087,True,undergrad
497,210,337.9179,0.0001165548098434,True,undergrad
504,183,295.1042,7.539149888143177e-05,True,undergrad
515,16,324.6592,0.0001145413870246,True,undergrad
506,29,82.6299,0.0003946308724832,True,undergrad
492,7,165.297,0.0,False,undergrad
526,39,196.6122,0.0,False,undergrad
526,7,178.6332,2.237136465324385e-07,True,undergrad
497,4,203.8415,6.711409395973154e-07,True,undergrad
501,10,176.027,0.0005082774049217,True,undergrad
514,14,64.6309,1.3422818791946309e-06,True,undergrad
518,16,313.8747,0.0,False,undergrad
497,204,239.9103,0.0009782997762863,True,undergrad
504,38,271.6559,0.0009427293064876,True,undergrad
517,85,173.8764,0.0012351230425055,True,undergrad
550,1,327.8884,0.0027427293064876,True,undergrad
505,85,325.1886,0.0029863534675615,True,undergrad
565,34,311.6336,0.0016577181208053,True,undergrad
545,85,49.1618,0.000682774049217,True,undergrad
534,4,319.2104,0.0001651006711409,False,undergrad
496,14,2.6923,0.0,False,undergrad
520,0,202.9889,0.0,False,undergrad
493,128,111.9021,2.237136465324385e-07,True,undergrad
527,2,157.4981,0.0030628635346756,True,undergrad
519,87,179.4866,0.0029154362416107,True,undergrad
512,36,83.262,0.0029552572706935,True,undergrad
501,117,2.5645,0.0003673378076062,True,undergrad
513,147,327.1819,0.002065548098434,True,undergrad
555,61,56.1591,0.0022552572706935,True,undergrad
517,90,263.233,0.0022812080536912,True,undergrad
526,38,149.0404,0.0,False,undergrad
517,170,276.9272,0.0006223713646532,True,undergrad
504,54,9.565,0.000421029082774,True,undergrad
519,190,165.881,0.0023127516778523,True,undergrad
517,90,65.8601,0.0028771812080536,True,undergrad
504,38,313.4301,0.0018127516778523,True,undergrad
504,11,18.3389,0.001834899328859,True,undergrad
501,178,14.4607,0.0002686800894854,True,undergrad
565,34,87.8149,0.0007288590604026,True,undergrad
545,176,301.3479,0.0026704697986577,True,undergrad
565,29,290.3384,0.0001514541387024,True,undergrad
497,108,214.7004,0.0019089485458612,True,undergrad
504,199,132.3324,0.0031729306487695,True,undergrad
517,62,251.8046,0.0032756152125279,True,undergrad
517,32,357.9486,0.0001279642058165,True,undergrad
497,169,272.8498,4.47427293064877e-07,False,undergrad
517,116,254.7093,0.0019308724832214,True,undergrad
505,9,107.6536,0.0,True,undergrad
504,16,267.5986,0.0001545861297539,True,undergrad
548,114,186.2837,0.0005689038031319,True,undergrad
