exp,file_num,t_entry,motion_pre,p_occupied
504,53,85.181,0.0005785234899328,0.978483677235826
504,164,264.0936,0.0003742729306487,0.9392106698256304
519,197,34.3236,0.0014959731543624,0.981201567836133
565,113,295.3863,0.0019308724832214,0.2856816022783818
504,68,110.9477,0.0002422818791946,0.9929157702950876
497,202,56.6127,0.0022673378076062,0.7871160902328425
510,3,357.6569,0.0023829977628635,0.9760206393007406
516,4,320.5496,8.948545861297539e-07,0.9559872668750682
517,63,66.1481,0.0010671140939597,0.9936454098479336
513,181,97.2715,0.0,0.2369577442573538
545,81,353.425,7.404921700223714e-05,0.92576276540407
515,19,204.827,0.0019997762863534,0.9964243349260032
548,128,74.4885,8.948545861297539e-07,0.9041527267443252
526,11,329.4826,1.3422818791946309e-06,0.9293083129479848
517,176,222.3919,0.0017302013422818,0.9702978821682589
545,175,199.949,0.0005744966442953,0.9531071145710966
526,29,191.9102,0.0,0.7393716194481724
508,83,324.1159,0.0008870246085011,0.7579129830953638
513,62,312.4417,0.0002847874720357,0.8756062452096008
549,15,321.7816,0.0008608501118568,0.9182485588441578
493,14,55.11,0.0027753914988814,0.7770888620733796
519,142,59.6915,0.0021046979865771,0.9315451929184512
513,180,335.6089,0.0,0.2428640305804177
512,86,94.7659,0.0032393736017897,0.9777497405601144
493,15,198.0223,0.0016648769574944,0.8628055488392576
511,0,197.8947,0.002693288590604,0.9801313613229358
545,123,64.6391,0.0022545861297539,0.818022467008949
496,7,70.3059,0.0002015659955257,0.975427819947222
521,49,325.352,0.0,0.4823901614461763
492,6,266.4432,0.0,0.9479136772828122
493,21,114.616,0.0031476510067114,0.9931540511132813
493,97,13.6379,4.47427293064877e-07,0.7065613238220387
492,14,343.9219,0.0,0.8244567227902055
512,14,195.8241,0.0001590604026845,0.964667759659633
555,26,49.645,0.0020809843400447,0.9757766658316606
497,141,109.3422,0.0001608501118568,0.7310230045711374
499,15,83.4862,0.0004711409395973,0.9850391683830312
526,20,245.7957,2.237136465324385e-07,0.8212794933367569
519,130,52.3531,0.0,0.4830069852479913
493,44,22.7822,0.001865548098434,0.9603789905389508
534,3,169.9414,0.0006590604026845,0.995990199086374
549,6,89.1784,0.0001413870246085,0.9965752848611522
512,35,266.5997,0.0026129753914988,0.9826736654772008
513,146,92.4007,0.0036519015659955,0.9837780277653012
534,13,68.8094,0.0004680089485458,0.9277476353999784
545,170,281.858,0.000959284116331,0.9863984776347636
501,21,250.9381,0.0021941834451901,0.992915178488865
526,7,154.5067,0.000638255033557,0.9654393525640332
504,54,30.6182,0.0001561521252796,0.9899421063234776
548,156,217.6565,0.0001232662192393,0.9774032433997224
557,71,20.5486,0.0013252796420581,0.8671973890430656
517,116,189.4235,0.0,0.357693463555343
493,76,44.9619,0.0035615212527964,0.9980005530906568
492,12,131.8405,0.0,0.9578778464696392
517,1,238.1477,0.001421029082774,0.9219410023227552
504,124,184.1127,0.0,0.7663034379273309
519,192,260.9923,0.0011664429530201,0.9428340228518328
555,54,351.1431,0.0002156599552572,0.9865953948964316
501,215,212.4305,0.0,0.5270410475308533
504,113,346.1552,0.001221029082774,0.9899347588380945
545,73,218.0241,0.0009328859060402,0.9973474416145448
497,143,108.4265,8.389261744966443e-05,0.994809035484112
513,104,88.5285,6.711409395973154e-05,0.9849841430597576
519,120,210.7736,0.0,0.4093895851789931
504,145,141.5739,0.000776510067114,0.9517581231307694
512,0,179.0339,0.0001270693512304,0.8237647450959854
544,13,204.8674,4.47427293064877e-07,0.9435952414639456
517,114,171.315,0.00221096196868,0.9715588649397288
510,15,317.1448,0.0,0.5308254168045151
526,8,187.7448,0.0036183445190156,0.7719211953168261
505,128,116.5515,0.0007800894854586,0.9272662886443752
548,116,340.4578,7.673378076062641e-05,0.9514943711999012
517,12,63.4994,0.0001295302013422,0.9860127404604144
519,4,55.004,0.0001541387024608,0.9986236642911516
517,13,288.9273,0.0008252796420581,0.982936760892337
516,5,204.2364,8.948545861297539e-07,0.945545158097447
511,10,11.0016,6.711409395973154e-07,0.8378970887923335
514,9,154.791,1.5659955257270692e-06,0.8758481579347719
517,173,52.9387,0.0036404921700223,0.9826362672973314
505,133,249.0093,0.0023158836689038,0.953462084125296
501,124,73.5634,0.0,0.6477246340535383
505,195,155.0685,0.0005977628635346,0.7312125886526885
493,28,56.3483,0.0032136465324384,0.6712559112564785
504,134,285.6995,0.002503803131991,0.5653965511442997
545,74,222.1741,0.0023154362416107,0.9899579512362748
513,142,74.1754,0.0004031319910514,0.904451715126146
504,67,345.4469,0.0011299776286353,0.9942971894376116
513,52,192.0962,9.865771812080538e-05,0.9609510543974048
497,6,96.6316,0.0020085011185682,0.9927342265258042
519,191,113.9122,0.0011771812080536,0.8881112775185875
513,183,82.9771,0.0008675615212527,0.9544465905634562
501,166,252.8058,0.0031559284116331,0.94704843838551
508,38,236.2109,0.0,0.7200312123553068
504,124,27.5214,0.0,0.7869929854632184
565,101,188.8404,0.0004800894854586,0.6530141013962093
517,125,188.6538,0.0,0.9208136107352464
513,107,15.1585,0.0029747203579418,0.9881802058425008
550,46,275.7165,0.0028375838926174,0.624449186380205
493,12,134.6919,0.002531096196868,0.9241361273525804
501,34,20.4776,0.0017872483221476,0.9826043624733656
555,41,241.2273,0.0001100671140939,0.951044157120722
518,5,334.079,0.0031156599552572,0.9541945147116748
501,120,202.3753,0.0008816554809843,0.9758715666109544
545,180,177.4949,0.0013434004474272,0.6031052428103878
505,10,115.9967,0.0,0.9265851236319972
545,169,79.5886,0.0010185682326621,0.9905458248332838
519,37,341.7891,0.0006272930648769,0.8012202469414688
518,1,95.9259,0.0011577181208053,0.92725027625287
555,190,219.6024,0.0004140939597315,0.9493695692423458
512,92,110.5039,4.47427293064877e-07,0.941933255809938
497,164,329.8587,9.507829977628635e-05,0.9314998273311412
544,13,116.9668,0.0,0.9491942587223376
518,7,339.8667,0.002142058165548,0.8498729709008731
511,9,26.2998,2.237136465324385e-07,0.8336075312398006
518,2,162.4427,2.237136465324385e-07,0.6729909583295338
526,88,156.6709,0.0004912751677852,0.996958781960714
515,14,256.5403,0.0,0.5217281065439271
505,192,271.8925,0.0032355704697986,0.5084043095338772
504,169,168.672,0.0028859060402684,0.8385515608813966
501,102,339.1401,0.0004451901565995,0.9979406891566448
504,182,126.8368,0.0,0.4370438005348049
504,203,42.4208,0.0,0.2907992290471384
497,128,199.4821,0.0036633109619686,0.9230818015144032
504,127,359.0091,0.0,0.5973883505093212
517,139,185.7677,0.0025733780760626,0.9977077020987604
519,121,166.8928,0.0012979865771812,0.942565635882504
519,36,145.9283,0.0019706935123042,0.9798139416215402
494,1,187.1238,1.1185682326621925e-06,0.7486518145602915
513,11,219.58,0.0029259507829977,0.9907350740137212
512,94,268.2179,0.0004098434004474,0.9928299701838252
565,31,16.8996,0.0034633109619686,0.797518303642425
508,41,227.8526,0.0022628635346756,0.981148918462154
519,101,39.7834,0.0002217002237136,0.9025481154563688
497,131,200.3553,0.0003131991051454,0.5642593873311177
508,80,328.3219,0.0023064876957494,0.9332950467100748
497,143,226.4707,0.0002357941834451,0.9924869301599848
501,124,172.0387,0.0,0.6571442782564764
501,208,298.6412,0.0036203579418344,0.9269500353453272
545,127,66.0547,0.0003778523489932,0.6384850621591758
504,121,69.4481,0.0003263982102908,0.8550800164260779
517,167,274.3884,0.0001335570469798,0.9953688880341992
505,146,84.5128,0.0023429530201342,0.9934644123980974
493,38,210.5936,0.0030590604026845,0.9979282413620284
505,4,94.4925,0.0005767337807606,0.9098025494497952
552,4,32.3125,0.0005812080536912,0.8033686394797166
517,18,347.8203,0.0022762863534675,0.9539552928179784
519,90,92.3827,0.0017107382550335,0.9505782285341894
504,68,203.839,0.0020677852348993,0.9952300556000936
492,10,308.0485,0.0,0.9022358571619729
505,36,339.4175,2.237136465324385e-07,0.7485566954295549
525,3,250.0277,0.0,0.8134836320313298
545,179,34.5881,0.0027957494407158,0.9442646990570818
493,13,298.598,0.0013572706935123,0.8084714052343275
548,17,36.4574,0.0002389261744966,0.9830729066166652
493,50,333.2811,0.0013767337807606,0.9965598255916224
506,16,288.5646,1.5659955257270697e-06,0.9566019159475746
513,172,201.2628,0.0,0.3861098291269635
514,16,133.0852,0.0026782997762863,0.9652702449130226
525,4,173.4651,0.0,0.6288857894524928
517,177,102.8194,0.0002926174496644,0.6301671741532153
513,148,39.4535,0.0009167785234899,0.9870281582225088
505,7,265.4016,0.0,0.6107425561399604
526,11,297.8312,0.0008550335570469,0.9337786831221986
501,74,32.5011,0.0017212527964205,0.9589622254426564
504,82,133.5088,0.0,0.611931286292721
526,24,146.5833,0.0,0.6909540524814703
508,56,97.9701,0.000128187919463,0.9487334346568728
510,5,147.3732,0.0003295302013422,0.9313614524177516
545,110,296.1186,1.1185682326621925e-06,0.4384186466490627
526,19,304.4049,0.0,0.7484280318969738
518,16,154.8586,0.0,0.7161297680921329
499,16,197.6873,0.0031677852348993,0.9780803001828444
517,31,201.3814,0.0003360178970917,0.9838899776022564
518,22,311.0094,0.0025505592841163,0.9996389046611438
555,11,148.5553,0.00168322147651,0.9107395295123938
506,45,253.3337,0.000186577181208,0.9922984328689368
513,93,248.2659,0.0,0.8903623892380519
535,7,311.0402,0.0011541387024608,0.99320355093294
526,20,108.9569,0.0,0.8472374262474768
513,102,133.0507,0.0003046979865771,0.9112138024922868
521,53,266.8874,0.0,0.8794820967371145
493,90,278.2422,0.0032308724832214,0.919113587253074
514,12,79.363,0.0011011185682326,0.9744389601272988
519,56,209.9784,0.0014328859060402,0.995344653971803
506,46,297.5361,0.0029713646532438,0.99706940338246
519,125,317.4265,0.0,0.3918089361400889
492,20,87.3529,0.0003731543624161,0.9999845587501716
517,192,129.1234,0.0,0.3475434140002448
550,16,227.1484,0.0009644295302013,0.98554697731062
545,178,325.4337,0.000131543624161,0.8808021923544378
517,126,143.9786,0.0035930648769574,0.9849655847730654
501,23,50.6841,0.0004134228187919,0.9879310853643422
504,150,70.5949,0.0026841163310961,0.8811844393646735
519,121,337.7534,0.0,0.5086261257324787
517,131,42.2881,0.0021689038031319,0.9937130953993892
519,113,23.1492,0.0004127516778523,0.5514665165461764
526,9,106.898,0.0,0.6505648052883093
501,174,245.7371,0.0010156599552572,0.9978823352605202
514,13,116.0266,4.47427293064877e-07,0.8688878602672166
504,171,89.9777,0.0031051454138702,0.8838124938607217
549,3,140.1574,0.0033217002237136,0.9301607774033098
506,35,261.7785,0.0036979865771812,0.822425056690092
545,123,139.1521,0.0005384787472035,0.7926553227676051
519,131,114.7761,0.0,0.4875480482466107
518,20,358.0572,0.0035427293064876,0.9983428559567666
525,16,316.6846,0.0010447427293064,0.9676220269072368
505,126,318.5804,0.0017552572706935,0.9796453988702604
512,104,223.8903,6.39821029082774e-05,0.9969153610471896
517,163,339.1374,0.0016787472035794,0.9760417726106332
545,169,138.0524,5.92841163310962e-05,0.992080898434604
518,9,100.2038,0.0028246085011185,0.9962601552533544
506,39,306.6789,0.0018702460850111,0.853467767232158
519,17,194.074,0.0002738255033557,0.9865158720490356
501,160,126.1824,0.0014033557046979,0.9896168009590572
513,42,71.475,6.711409395973154e-07,0.9520108643069431
501,61,51.5134,0.0024465324384787,0.9884977030740956
497,116,18.2392,1.1185682326621925e-06,0.8401136950252355
517,193,24.6787,0.0037389261744966,0.8431356454811413
541,12,86.2682,0.000110514541387,0.9909816486576968
548,0,234.1154,0.0024201342281879,0.96778097407702
513,136,306.2793,0.0,0.712993554165354
517,15,287.2753,0.0015161073825503,0.868499379427244
497,169,329.834,0.0,0.6779670221213977
497,98,321.8531,0.0027219239373601,0.9968570962972828
506,46,70.2621,0.0003149888143176,0.993097380382746
545,73,146.4508,0.0001722595078299,0.9980596429313976
505,129,30.409,0.003041610738255,0.9700495002511688
494,1,126.2362,0.0016456375838926,0.7738326615543093
513,40,350.1481,1.3422818791946309e-06,0.9438740261718104
518,22,96.7409,0.0016796420581655,0.9970003604881528
535,13,149.7996,0.0007136465324384,0.8041986694053244
506,24,210.3569,0.0014979865771812,0.940867468310139
517,178,91.9241,0.0021885906040268,0.9811397672536024
504,176,196.9702,0.0,0.4266592945252155
548,121,230.6045,0.003600447427293,0.8298105346680895
501,221,124.3057,0.0010212527964205,0.9741381299152054
521,53,17.2572,0.0005241610738255,0.9217289187162414
517,96,208.765,0.0013053691275167,0.9957572080186896
513,51,69.5139,0.0021017897091722,0.9826630954366664
493,40,74.1986,0.0034702460850111,0.998693029067968
545,170,166.4141,0.0035695749440715,0.9922149950775552
505,37,273.1268,0.0006060402684563,0.9932503851526716
511,7,138.9898,0.0007489932885906,0.90261514555836
494,19,356.381,0.0004988814317673,0.8196606688992651
494,34,140.9423,0.0037413870246085,0.9992288595044104
504,135,15.5494,0.0,0.5604859981890621
505,138,258.1031,9.328859060402686e-05,0.9628253291472438
501,168,275.644,0.0017859060402684,0.9494613076382392
515,10,251.3314,4.47427293064877e-07,0.7516914914132962
492,13,114.6253,0.0,0.9428747611013945
548,2,142.2775,0.0018673378076062,0.91981581368904
492,5,222.14,0.0,0.9257971970857783
518,1,136.6559,0.0028975391498881,0.9744163096777952
493,39,6.8181,0.0015100671140939,0.9972200232447682
519,92,76.8715,0.0018485458612975,0.9667009551123812
512,113,196.1784,0.0,0.1906882953508732
497,192,201.8652,6.711409395973154e-07,0.947857887963014
512,112,111.8752,0.0,0.4178119925043806
548,20,152.5906,7.606263982102909e-05,0.9426637321043954
517,16,282.3788,0.0,0.3742526107405512
526,95,3.2853,0.0010818791946308,0.997526863918136
548,3,185.4327,0.0031995525727069,0.9516101662118804
517,123,240.9832,0.0012136465324384,0.8421575324750364
519,84,27.5135,0.00178322147651,0.9828169892419268
506,19,187.6232,0.0,0.4677383178043936
497,140,71.4267,0.0001239373601789,0.5369107974284625
545,169,31.9563,0.000917673378076,0.988326660139991
555,173,119.6636,0.0005901565995525,0.7447595169848544
565,94,17.8648,9.463087248322146e-05,0.9367349446589494
497,93,87.3945,0.0036527964205816,0.997147344455116
505,11,56.775,0.0,0.9471888256717216
519,3,323.3141,0.0006053691275167,0.9924237000446255
519,27,209.1063,6.442953020134228e-05,0.9883845373530872
504,97,187.5334,0.0002114093959731,0.9457751899899786
545,84,99.3309,0.0034467561521252,0.8643786410824095
497,23,174.773,0.0020183445190156,0.4811881737620584
501,102,272.2867,0.0002565995525727,0.9951378579325292
504,95,189.4015,0.0036091722595078,0.9954531329721692
565,31,143.0059,0.0029384787472035,0.8469408111019332
515,12,240.7643,0.0,0.4010090200312058
517,125,257.4136,0.0033782997762863,0.9968800820509078
545,75,67.8877,0.0015434004474272,0.98571885801616
545,177,295.6193,0.0001456375838926,0.8636948804571917
505,85,65.0803,0.0,0.7025989050364728
497,213,196.1471,0.0,0.4192268238240064
497,135,312.8142,0.0,0.5558972686731055
526,9,253.4045,0.0022548098434004,0.8932984635518708
513,179,30.3435,0.0008357941834451,0.7336972137037968
497,136,15.5938,0.0,0.4819989840989846
526,31,225.6234,0.0,0.6793090965473507
517,122,260.6321,0.0,0.3762712904168383
545,163,117.1774,0.0008476510067114,0.9683066081753168
513,96,174.6692,8.948545861297539e-07,0.8071369843779332
497,175,159.1487,0.0010709172259507,0.9506352659626602
526,42,96.2918,0.0009736017897091,0.946982206053236
517,95,343.4102,0.0031250559284116,0.9896044563033348
565,97,48.2108,0.0010691275167785,0.9974850512202154
513,179,124.2099,1.5659955257270692e-06,0.2147937716661332
565,36,221.114,0.0022442953020134,0.9011077083102488
508,49,206.1188,0.0008331096196868,0.855205060490973
519,17,346.1932,0.0002087248322147,0.9512215190446326
520,3,125.4421,0.0035384787472035,0.939689320665787
493,119,163.8331,0.0011118568232662,0.9395263048984857
548,127,318.2323,0.0001375838926174,0.9561957571658776
497,140,343.0705,0.0013472035794183,0.8437312837709081
519,118,66.5543,0.0002393736017897,0.9620094185754592
534,3,339.7807,0.0009514541387024,0.9600493738478107
519,151,287.0471,0.0001740492170022,0.8982324485044338
505,94,295.9414,6.510067114093959e-05,0.993590144672872
513,91,279.0129,0.0035979865771812,0.9501985986447886
517,190,209.9191,0.0028078299776286,0.8388610484901956
501,169,183.5756,0.0020557046979865,0.9796514374630972
513,54,93.5886,0.0,0.6989620790817126
518,7,123.3711,0.0026082774049217,0.9281639968736466
565,122,226.3559,0.001496644295302,0.9755805452949028
512,92,260.9433,0.001959284116331,0.9866135337324162
508,54,174.6246,0.0017040268456375,0.9555944355942784
513,127,273.7362,0.0003413870246085,0.9977003344779266
555,94,47.3441,0.0003923937360178,0.980715203077364
521,12,163.3287,0.0003091722595078,0.9191688278821828
497,170,20.9067,0.0,0.6723409862916917
497,116,320.3898,2.237136465324385e-07,0.8108250007667342
504,82,316.3829,0.0,0.7903263479272827
517,179,305.5312,0.0011527964205816,0.986429134728734
517,123,106.2246,0.0013498881431767,0.8469454414110582
492,10,275.5436,0.0,0.901265625325076
508,40,231.349,0.0033776286353467,0.9926228838661408
494,21,29.9901,0.0009912751677852,0.9332546312970548
504,116,93.436,0.0011181208053691,0.9871343703983247
521,6,137.4369,0.0018306487695749,0.9949134636304894
519,23,291.537,0.000124384787472,0.9962632946958048
517,164,352.1188,0.0006747203579418,0.925593052802312
505,73,341.1273,0.0035664429530201,0.9918393450281652
504,165,165.6898,0.0016624161073825,0.9633181462747926
555,23,15.5465,0.0023961968680089,0.9023026318984434
497,108,283.1734,0.0006923937360178,0.6201762967868836
525,12,42.5038,0.0027407158836689,0.9969674333700596
565,96,196.0902,0.0010539149888143,0.985444314308778
517,196,41.3851,2.237136465324385e-07,0.5942467786106758
545,108,172.694,0.0002017897091722,0.6220364219437602
513,178,312.6778,0.0005234899328859,0.7692232934617038
519,43,83.7563,0.0003548098434004,0.984808374192332
505,133,107.5586,0.0006219239373601,0.917736123092374
565,158,254.6855,0.001021029082774,0.9982665693282632
504,65,315.1424,0.0033319910514541,0.9739392681281244
545,171,181.4609,0.001086577181208,0.9914042520437368
513,125,266.6857,0.0007342281879194,0.9977356583713204
517,194,170.7246,0.0017436241610738,0.9876864696070088
504,135,329.675,0.0008091722595078,0.6855406829228585
510,15,105.5671,0.0022136465324384,0.9805927336357552
555,43,12.6944,0.0030568232662192,0.992435959045772
513,103,327.5306,0.0027286353467561,0.9884086628648254
493,45,121.5233,0.0002246085011185,0.9951075033494308
541,6,28.5779,0.0001255033557046,0.9691454988895806
513,73,55.3743,0.0009597315436241,0.9902335412293224
494,43,119.5941,0.0019331096196868,0.9436744943928672
493,110,78.2703,0.0007519015659955,0.9020423674525062
513,188,314.8544,0.0008033557046979,0.990410981092944
498,2,172.9065,0.0,0.7434231113341518
493,123,99.6343,0.0020953020134228,0.9774748225913512
505,88,312.566,0.0036563758389261,0.9958396881931166
548,163,95.5701,0.0034404921700223,0.9725610880847426
517,94,188.8198,0.0,0.3154360612430502
501,89,98.9062,0.0008241610738255,0.955961666206856
518,3,335.9342,1.3422818791946309e-06,0.9396741159623936
513,62,247.1966,2.237136465324385e-07,0.8024389800889966
497,124,310.9124,0.0008228187919463,0.995794363658846
527,10,135.1229,0.0023539149888143,0.989505925346894
519,115,208.7132,1.1185682326621925e-06,0.8270633252033109
505,132,93.0753,0.0034612975391498,0.995118771398727
508,55,276.6567,0.0028127516778523,0.913199742804205
506,28,100.1256,6.532438478747204e-05,0.9113894234152156
492,11,217.8941,1.3422818791946309e-06,0.9419728624183824
504,99,7.1985,0.0009199105145413,0.9900271593235388
565,99,241.0278,0.0004140939597315,0.998532811085179
513,142,109.7057,0.0012270693512304,0.9006521301979238
548,2,342.2333,0.0001961968680089,0.958077119139541
517,125,46.4786,0.0,0.8306124040747221
521,53,202.8939,0.0035064876957494,0.6979888403165839
497,213,63.615,0.0007686800894854,0.6033732894704432
526,32,277.8972,0.0,0.6262007714500095
519,130,236.806,0.0,0.4406213244014189
517,118,309.0508,0.0,0.439279911079642
497,35,129.7154,0.0004736017897091,0.9893821543145108
497,206,148.1351,0.002907158836689,0.9200506590524432
565,126,16.4724,0.0018738255033557,0.6292809071105991
513,185,74.6796,0.0009731543624161,0.8786024942694489
519,123,193.2795,0.0,0.6268153320488912
494,1,147.1843,0.0006156599552572,0.7314690249865009
497,114,143.4649,4.47427293064877e-07,0.8678300089095272
513,104,166.466,0.0001357941834451,0.9858422018805932
518,8,106.2327,0.0024393736017897,0.9768009346144956
548,115,49.633,0.0,0.7370990399343605
545,174,66.2075,0.0018060402684563,0.9899127438152217
518,8,252.0946,0.0,0.9432105083459684
501,36,138.7494,0.0019400447427293,0.9695492420322523
521,50,248.5848,0.0020252796420581,0.9715911756444406
504,68,147.5888,0.0031422818791946,0.9901323573523272
504,182,314.1289,0.0,0.3769977418275222
518,24,273.9581,0.0020532438478747,0.9845438331172708
550,1,58.0053,0.0033557046979865,0.99032039224363
516,1,159.0899,6.353467561521253e-05,0.981914768927538
505,193,310.3129,0.0018067114093959,0.5788367823849017
493,108,6.2267,8.859060402684565e-05,0.9971878127032888
548,160,158.8036,0.0001653243847874,0.9634526977279728
505,179,126.4934,0.0018664429530201,0.3695008209342417
508,38,171.5145,0.0001118568232662,0.7701934455365331
517,122,199.0824,0.0009116331096196,0.8904987695159045
530,9,150.3325,0.003762192393736,0.9952128937186694
512,57,349.3863,0.0006123042505592,0.9023321267708804
526,40,205.7694,0.0,0.7358405387980174
497,190,253.665,2.237136465324385e-07,0.8423725201642102
497,191,12.1601,0.002552125279642,0.9818241913447192
545,170,46.3878,6.80089485458613e-05,0.9944687887963088
527,0,126.3328,0.0022507829977628,0.6255673313701603
494,33,145.0423,2.237136465324385e-07,0.9456833962399852
516,6,297.0349,2.237136465324385e-07,0.4397589708020319
493,86,211.0865,0.001300447427293,0.9083098122770432
519,42,203.7549,0.0034344519015659,0.9868259323148828
506,43,38.6071,0.0012409395973154,0.993179369120602
565,22,191.6919,8.7248322147651e-05,0.9727396162214792
508,8,138.4566,0.0013977628635346,0.993135660661132
508,60,287.0473,0.000745413870246,0.9968790098914808
492,12,286.9691,1.3422818791946309e-06,0.9544191210898476
521,13,246.0321,0.0014194630872483,0.9212441272402336
512,57,211.042,0.0029268456375838,0.8947127157470784
545,72,304.4462,8.948545861297539e-07,0.9847269621799372
548,115,247.853,0.0002042505592841,0.7748277970132518
513,138,111.7755,6.711409395973154e-07,0.8559112690171714
517,44,298.5428,0.001648769574944,0.9933971439602268
497,23,301.7989,0.0,0.1425199110885927
549,15,274.7889,0.0021879194630872,0.9225092817491174
506,66,49.7166,0.0001914988814317,0.9978797283126448
519,193,51.9308,0.0009800894854586,0.9541476182300722
505,160,289.3138,0.0027852348993288,0.9812557523217144
565,100,33.5776,0.000931543624161,0.9112858328376492
501,166,312.8658,0.0003536912751677,0.967737989840508
519,205,93.1979,0.0020192393736017,0.9419600491327028
545,164,118.1149,0.0019228187919463,0.9941151654023596
505,88,64.4123,0.0014955257270693,0.9966035320078992
514,12,160.5269,0.0014127516778523,0.9945992242232444
519,79,182.8351,0.0,0.4789436874370807
541,18,182.7159,0.0005894854586129,0.4807214191506326
505,160,312.9173,0.002079418344519,0.8738130510379836
493,114,106.7989,0.0024494407158836,0.9936081394466776
504,117,219.6355,0.0016507829977628,0.993298106315711
493,92,79.924,0.0030375838926174,0.8789796716744226
517,127,106.8344,4.47427293064877e-07,0.9819518834273406
548,155,338.2229,0.000741610738255,0.9972837644337262
517,138,299.9464,0.0017409395973154,0.9564464768514874
517,121,302.6922,0.0,0.4238423609611623
504,196,223.1303,5.995525727069351e-05,0.9102222096625642
545,178,166.5724,0.0027082774049217,0.4292349469985243
541,3,19.0365,0.0003008948545861,0.9955340263407408
513,138,243.4579,0.0,0.3194339383409675
521,45,250.2548,8.523489932885905e-05,0.9987775957329414
497,2,354.6273,0.0021872483221476,0.9694526116908432
517,2,36.9911,0.0022096196868008,0.9931720979617676
493,26,96.5264,0.0024583892617449,0.7640862696108962
513,177,215.2532,0.0035586129753914,0.7084505489585917
517,94,220.8154,0.0,0.324519615570559
512,34,226.4752,0.0016961968680089,0.9747026372862944
504,141,346.1228,0.0005894854586129,0.9219741947715124
506,57,337.8277,0.0,0.6824091032722744
518,9,27.1306,0.0,0.9565640456750844
545,108,216.7789,0.0002953020134228,0.498752506835074
545,29,7.3244,0.0020076062639821,0.9948596552747692
497,213,340.354,0.0,0.5659601682962961
518,1,276.8047,0.0,0.6122136386558973
504,137,232.7781,0.0035331096196868,0.5672097445971152
517,90,64.8885,0.0024024608501118,0.8432526247583474
534,3,91.1408,0.0002532438478747,0.9916326160738907
526,16,299.9498,0.0,0.970945509242724
512,45,216.8327,0.0012407158836689,0.910831916953273
548,158,33.8605,0.0002953020134228,0.8056452151674692
512,91,210.3623,1.5659955257270697e-06,0.911611882796922
493,98,96.3965,0.0007534675615212,0.9853889180962973
494,35,35.8101,0.0035816554809843,0.9995769331385564
501,189,25.6721,0.0026568232662192,0.4516581618406224
513,171,246.1408,0.0,0.3618941505897527
521,1,122.2116,0.0018440715883668,0.9943642940396384
501,110,301.5386,0.0,0.4218342547484437
565,30,156.3799,0.0010114093959731,0.8994414663132735
508,73,311.7267,0.0001586129753914,0.9919803124841564
493,16,25.0459,0.0010615212527964,0.798357824545929
555,189,80.1797,0.0003080536912751,0.9031936643678448
545,75,53.5375,0.0010022371364653,0.9496391554263708
501,164,160.5852,0.0020628635346756,0.9648551150927868
559,10,93.5297,0.0002756152125279,0.6639410194036397
504,82,346.7029,0.0015062639821029,0.914239134508356
519,79,286.4541,0.0013930648769574,0.8820756158587233
517,117,279.4449,0.0,0.4724274543503813
497,169,168.2101,2.237136465324385e-07,0.5818933676727668
517,28,302.0564,0.0020458612975391,0.9936710302509648
517,94,319.8328,0.0015610738255033,0.7264134004383306
504,123,262.2967,0.0,0.7963307344783527
504,206,262.2584,0.0014031319910514,0.9573530800399256
555,137,52.1126,0.0007409395973154,0.1383139649820356
555,40,159.268,0.000869351230425,0.9451605592809916
497,24,41.4056,0.0029923937360178,0.6747810680851792
526,33,83.5539,0.0,0.6616635288755127
505,13,22.0077,0.0008814317673378,0.9544682064316616
548,148,256.9517,0.0030322147651006,0.9998051752804284
517,130,40.3786,0.0008744966442953,0.968166871249301
526,12,46.5332,0.0,0.9543754228970976
519,177,274.6082,8.948545861297539e-07,0.9891380523989948
497,138,128.6562,0.0,0.3425970298469363
519,37,229.7907,4.47427293064877e-07,0.7857434651225126
499,11,341.0124,0.0014284116331096,0.9135342366937752
545,28,279.5871,0.0009583892617449,0.9759717068154332
526,97,92.8753,0.0003615212527964,0.9960636697168452
506,55,165.5213,0.0002689038031319,0.9825249107772288
555,14,287.8081,0.0025733780760626,0.8487907000712679
545,29,126.6305,0.0008123042505592,0.9843363100783388
504,100,241.8954,0.0001883668903803,0.996470808543166
508,56,205.3782,0.0011225950782997,0.9656565928530926
501,135,239.8181,0.0018749440715883,0.9311242104163672
519,99,293.6918,0.0036519015659955,0.9929330826303088
519,5,325.3479,0.0023863534675615,0.9984203006879014
493,8,189.7599,0.001707158836689,0.9463426702364643
513,31,27.6234,0.0012149888143176,0.993302059838692
501,67,162.2216,0.0002536912751677,0.9836517157801328
526,94,84.8499,0.0001988814317673,0.9830536733458316
509,18,260.9219,0.0020185682326621,0.9980577802398984
545,170,219.2843,0.001082774049217,0.9894373989079172
501,188,250.8603,0.0,0.1890740540465589
493,46,130.9146,0.0031856823266219,0.9954553107502246
501,173,279.5475,0.0008237136465324,0.9934153383447272
511,10,80.9039,0.0020599552572706,0.9975686576326448
513,52,110.9944,0.0026908277404921,0.9768367590407118
555,65,15.9748,0.0030979865771812,0.9867352279804892
515,13,247.6743,0.0,0.4498019930354849
497,200,250.3884,0.001793288590604,0.949130418248231
501,185,325.3073,0.0027006711409395,0.9060067788287468
548,157,218.9269,0.0008787472035794,0.7968847927141806
565,126,237.7502,9.149888143176736e-05,0.4735295599507133
513,100,7.2746,1.3422818791946309e-06,0.6786408193813327
519,164,135.6146,0.0001317673378076,0.9865937632855418
517,194,114.3182,0.0037516778523489,0.9857508369077548
512,46,20.7719,0.0028107382550335,0.9755798336839288
493,52,6.403,0.0004011185682326,0.9731708744083144
501,113,327.7045,0.0001713646532438,0.7785213634464861
513,83,27.0801,0.0019295302013422,0.9938748548067816
519,88,219.185,0.0010006711409395,0.9969079826811986
519,187,317.1626,1.3422818791946309e-06,0.7330804258414502
512,112,313.267,0.0,0.177769994708567
525,6,200.8155,0.0,0.590062170307021
545,143,293.4516,0.0005950782997762,0.6240506405054577
565,93,188.9605,0.0015494407158836,0.9917237455745423
519,177,151.5811,0.0003279642058165,0.994398376868221
516,2,152.4958,0.0022718120805369,0.9914742984818032
492,3,147.0253,0.0,0.9062183709899676
517,170,161.9672,0.0009040268456375,0.979789155680582
497,173,324.6156,4.47427293064877e-07,0.9437352312138504
565,33,326.6322,0.0034067114093959,0.95620810623237
513,171,31.5442,0.0,0.2888571057585968
512,99,70.2197,0.0017035794183445,0.9686111583937672
506,68,116.6648,0.0003020134228187,0.9869445361109264
517,137,305.5477,0.0011796420581655,0.9384020922202952
497,103,271.0083,0.0026134228187919,0.9910666705260458
506,58,264.4298,0.0,0.5874833477397381
534,4,153.8186,0.0005398210290827,0.9181300346467964
504,67,145.6748,0.0021111856823266,0.9916001888803584
505,21,19.7205,8.903803131991053e-05,0.987805492719432
506,20,264.1148,0.0005409395973154,0.9495680240441232
517,30,28.2251,0.0035429530201342,0.9815876172329914
519,114,69.8919,0.0005163310961968,0.8182323354760588
501,221,196.9475,0.0036024608501118,0.9967467982227178
508,55,261.2068,0.0010496644295302,0.9396041568704934
519,130,255.2112,0.0032192393736017,0.7884886226539317
497,111,203.7349,6.711409395973154e-07,0.7760013896718304
501,106,345.5428,0.0024995525727069,0.987565991126773
504,112,103.214,0.0006427293064876,0.9848285878384896
505,4,118.9921,0.0012478747203579,0.9093328208306892
565,103,339.1032,0.0002565995525727,0.9083837891398402
494,48,148.147,0.0004742729306487,0.9927265495852589
517,0,249.0802,0.0023680089485458,0.8849063618839162
565,29,236.9398,6.241610738255034e-05,0.7981674562770897
526,9,17.3235,0.0,0.9338972790617314
497,112,272.7758,1.342281879194631e-06,0.6053323386409021
519,100,171.5709,0.0019158836689038,0.9912257437359138
519,58,208.6437,0.0032776286353467,0.9958067160560264
501,22,242.7207,0.0004060402684563,0.9828859038404162
548,115,349.2175,4.47427293064877e-07,0.7118110363664977
493,117,86.5495,0.0037624161073825,0.8148486144131373
512,105,24.5185,0.0014440715883668,0.9917958794589856
548,116,148.6829,1.1185682326621925e-06,0.6623802026963107
544,13,75.4211,0.0004465324384787,0.9386275598724716
517,81,286.4372,0.0003413870246085,0.9938139886131178
497,172,347.3838,0.0028214765100671,0.9864359900092188
517,196,86.2252,0.0033581655480984,0.9411973893161608
519,2,254.8639,0.0,0.8870987436912656
550,48,322.3528,2.237136465324385e-07,0.6204893371654905
501,114,9.466,2.237136465324385e-07,0.7747356367817503
526,37,315.7398,0.0,0.7229097588417225
526,94,291.761,0.0033342281879194,0.9828701592667636
545,13,3.3322,0.0008953020134228,0.8298744375313648
504,122,175.2991,2.237136465324385e-07,0.6366276493159185
565,33,276.8884,0.0031232662192393,0.9332682926172696
513,54,189.0831,2.237136465324385e-07,0.7740849178922312
493,114,285.99,0.0018961968680089,0.8074310239244269
526,40,173.9438,0.0,0.7644825240133234
565,39,82.1015,0.0008624161073825,0.8695578649468295
519,206,344.9464,0.0025418344519015,0.9122814793153916
497,204,43.2745,0.0036666666666666,0.9772910889193084
565,100,213.5882,6.174496644295302e-05,0.9481452471728856
493,90,118.9118,0.001879418344519,0.9084190690287354
514,11,113.7931,0.0027020134228187,0.9984060395464848
513,172,270.4339,0.0005653243847874,0.6212841129232312
541,6,148.1739,0.0005805369127516,0.9583695909943716
497,165,350.0295,6.711409395973154e-07,0.8092429767753287
505,83,354.0131,0.0037530201342281,0.994310867583634
513,55,144.2929,0.0,0.6674113540535614
518,6,48.1135,0.0035532438478747,0.955823920346602
501,216,69.0077,0.0,0.5287389401309447
517,131,255.9299,1.3422818791946309e-06,0.983856940433082
504,124,217.3388,0.0,0.7712828790032445
519,198,107.377,1.3422818791946309e-06,0.9932309964213334
501,110,24.7624,0.0029870246085011,0.8501731430979548
565,93,151.1336,0.0031134228187919,0.9916807822225154
513,73,147.8722,0.0016953020134228,0.9850138784084532
501,136,265.5268,0.0032662192393736,0.9596791405570808
512,45,348.5809,0.0007375838926174,0.8741746047824143
530,9,211.8891,0.0001114093959731,0.990632637547299
494,21,6.6162,1.3422818791946309e-06,0.94442251828019
552,100,294.2759,0.0031982102908277,0.9893019673829624
541,9,94.0156,0.0003532438478747,0.8662908221751411
513,187,336.1164,0.0,0.9629581097763336
517,108,77.1046,0.0,0.4603760627929118
501,102,223.8311,0.0002353467561521,0.9939042582313292
501,88,349.8512,0.0021380313199105,0.9644623801144412
526,24,176.8184,0.0,0.6778305395815668
548,86,9.948,0.0011178970917225,0.9807807855822608
545,153,251.4857,0.0,0.3537457590548532
513,176,296.7226,0.0018237136465324,0.7067927448498683
504,9,221.7194,0.0006190156599552,0.9640434237631448
494,1,82.887,1.1185682326621925e-06,0.6744236380250493
526,42,49.7527,2.237136465324385e-07,0.9469954318531468
526,20,28.8683,2.237136465324385e-07,0.8586639534397843
526,3,299.0159,0.0027682326621923,0.9766857724692822
504,71,313.0245,0.0006290827740492,0.9964957171977096
513,108,214.7367,0.0025926174496644,0.9877992448151276
519,28,30.8502,7.67337807606264e-05,0.9954440834292284
493,12,110.7566,0.0018064876957494,0.9161654966911108
492,5,325.3982,0.0,0.9128689720277846
504,36,47.538,0.0009581655480984,0.974806313586328
519,88,162.6295,0.0006512304250559,0.989551403353456
548,158,196.2195,0.0035091722595078,0.9497429227886636
505,86,8.4287,0.0,0.8415250840130915
526,53,208.5127,6.107382550335571e-05,0.998601991479054
513,51,28.0634,0.0,0.8118767470472065
513,175,335.3979,0.0002950782997762,0.7362698564758808
501,114,160.3884,5.92841163310962e-05,0.8783316646268813
506,65,165.5321,0.0021026845637583,0.9983982896450324
501,89,121.6397,0.0005322147651006,0.9840117305625566
526,24,53.6186,0.0,0.7427875899949241
565,93,294.422,0.0007467561521252,0.9948012286559118
501,62,153.7741,0.0019480984340044,0.9970081252005384
497,195,114.5026,2.237136465324385e-07,0.9608408841546858
496,3,244.6923,0.0001890380313199,0.975418359134968
513,21,245.5415,9.642058165548098e-05,0.9881059480037953
518,7,276.0346,0.0,0.8617694821818008
517,192,180.2968,0.0018680089485458,0.7656701131969821
516,2,119.4617,0.0012608501118568,0.9588106123369812
541,7,129.3769,0.0011337807606263,0.8240550576641793
504,67,96.5487,0.0032051454138702,0.996832420856355
519,14,268.4973,6.912751677852349e-05,0.994304136096487
513,30,123.8179,0.0002046979865771,0.975051252933024
513,182,308.7835,0.0,0.8801019418882399
501,17,328.0054,0.0035250559284116,0.9526819776413692
504,5,220.6679,0.0001234899328859,0.919317884658966
504,17,13.7305,0.0004825503355704,0.9953475664950324
497,109,131.509,0.0,0.8321518637652447
517,94,100.1869,0.0,0.303163891860046
501,115,29.2306,0.0030997762863534,0.9813816913361324
521,5,159.0696,2.237136465324385e-07,0.5583953980869099
493,15,239.1699,0.0008809843400447,0.8514714111811361
497,25,294.9167,0.0018295302013422,0.9950178511236932
511,0,313.6027,0.0016257270693512,0.981647140132825
513,56,316.2144,0.0036409395973154,0.9712938057546184
518,17,236.176,0.0019599552572706,0.9995771082205246
565,126,146.131,0.0002331096196868,0.5975577076057907
517,122,355.2362,0.0,0.4046188890679919
526,90,28.6138,0.0023279642058165,0.9849632295865424
515,17,333.358,2.237136465324385e-07,0.994723661644667
514,10,170.1708,0.0031046979865771,0.934290646909664
545,73,29.9633,0.0011709172259507,0.989932336175154
497,214,166.3958,0.0,0.466096919674647
519,111,316.7648,0.0012675615212527,0.8869938159861472
497,166,171.5497,0.0026894854586129,0.7811667017912659
512,5,144.3552,0.0009740492170022,0.992400225722478
548,1,7.5693,0.0031393736017897,0.9795432547939924
504,37,199.4067,0.0007190156599552,0.9970943708571488
501,111,63.097,0.0,0.4381573735916179
548,155,275.7384,0.0035914988814317,0.9945413037435946
504,5,279.7734,0.0029749440715883,0.9490827799419936
515,0,277.4545,2.237136465324385e-07,0.9835272871154258
513,70,316.0932,0.0004051454138702,0.8473673222271868
493,109,237.5142,0.0004026845637583,0.9366717227259648
497,205,239.8276,0.0035472035794183,0.9815234482323034
544,12,164.5594,0.0006695749440715,0.4371632228147641
504,185,255.8441,0.0009577181208053,0.591041921232113
517,81,157.2773,0.001131096196868,0.9920613094188216
557,11,308.0311,0.0008646532438478,0.99436451615977
544,10,127.1735,0.0021818791946308,0.89231589153129
526,93,88.6775,0.0028823266219239,0.97707390222283
510,6,285.6983,0.0001129753914988,0.9913310898752696
505,137,52.0957,0.0008606263982102,0.9105976746945016
519,132,228.4805,0.0,0.4376429061099299
493,44,196.7464,0.0031469798657718,0.9926820611932444
544,13,226.2264,4.47427293064877e-07,0.955370461241708
513,49,327.3388,0.0014049217002237,0.9925953384685524
550,33,233.8943,0.0016548098434004,0.763714707861699
504,9,81.2272,0.002589932885906,0.9268601060680416
545,177,221.5741,0.0026789709172259,0.8488894511551963
517,196,251.1907,6.711409395973154e-07,0.859886567591324
526,30,291.2338,1.1185682326621925e-06,0.7284657765976466
521,1,182.0446,0.0015190156599552,0.9918869658711488
549,15,207.2814,0.0002720357941834,0.7449228339282296
497,175,21.4283,0.0010706935123042,0.9355434711909546
513,48,174.3366,0.0004147651006711,0.991882660552691
501,155,95.2815,0.0030098434004474,0.9764358029552576
519,192,189.6993,6.711409395973154e-07,0.6528031502575539
517,136,176.6026,0.0020780760626398,0.990851997250762
504,136,94.3256,8.456375838926175e-05,0.7145553158971896
519,90,159.8025,0.0032682326621923,0.98473901906844
517,181,281.8892,0.0001418344519015,0.99061692266129
545,169,255.5925,8.43400447427293e-05,0.99018547231023
501,136,132.801,1.1185682326621925e-06,0.9614725466917916
519,121,20.8389,0.0022154362416107,0.9037311292097908
530,3,351.3044,0.0026991051454138,0.960108347206808
526,16,75.9926,5.838926174496645e-05,0.9503462742007796
501,112,221.6105,0.0,0.889133000331949
555,41,204.5316,0.0007194630872483,0.9436016160579916
550,36,47.6543,0.0004248322147651,0.7382340079956927
497,141,281.1205,9.038031319910516e-05,0.9474173195764016
497,176,164.7465,2.237136465324385e-07,0.9921712326120656
501,167,8.1152,0.0034930648769574,0.9952003053375768
517,191,118.6749,0.0012288590604026,0.8651011113640684
493,15,228.6399,0.001507158836689,0.8434022519440071
494,2,98.6021,0.0015051454138702,0.8740950090527286
526,5,1.3326,0.0017762863534675,0.9823887705749386
545,15,176.9851,0.0001807606263982,0.9938886675558216
521,53,33.373,0.0031391498881431,0.9441869859230614
504,50,116.6972,0.0017946308724832,0.9920442152968248
545,180,193.2497,0.0008460850111856,0.6058393900224899
513,27,156.4573,0.0001572706935123,0.9581285454327608
519,56,279.6849,0.0027208053691275,0.979307214909946
516,4,90.2762,4.47427293064877e-07,0.9543386484376588
504,186,349.5233,0.0009221476510067,0.6788351380055146
494,33,14.6403,4.47427293064877e-07,0.7057911459402467
515,19,343.3438,0.0018581655480984,0.9979855106898744
501,201,305.1472,0.0011015659955257,0.9536827929957812
518,2,190.5426,0.0,0.656382619735226
519,191,313.9182,6.711409395973154e-07,0.6561190725146302
519,83,292.8008,0.0018968680089485,0.9849744768873718
505,188,308.6149,0.0008127516778523,0.9608174069880372
517,44,163.0172,0.0001552572706935,0.9611526549761676
493,37,89.45,0.0029545861297539,0.939697274700288
555,39,204.1638,0.0032637583892617,0.98528979990343
515,16,290.1241,0.0036492170022371,0.9905957983267368
510,2,53.8063,1.1185682326621925e-06,0.2800707418476635
555,70,150.0629,0.001797091722595,0.981520118337891
506,59,312.2756,0.0020460850111856,0.9248136234916132
505,75,264.9904,0.0032803131991051,0.99730915857906
518,4,54.2332,6.97986577181208e-05,0.9358192421619712
497,63,187.2217,0.0027015659955257,0.9960836791935854
565,34,255.1444,0.0002044742729306,0.785677678719957
513,49,69.4106,0.0010022371364653,0.9914792805584288
512,99,151.6745,0.0020369127516778,0.9366381773941796
548,153,93.7568,0.0035874720357941,0.9993072463192127
508,58,107.6413,0.0004192393736017,0.9752799943120836
517,193,121.5676,4.47427293064877e-07,0.8594817080051761
545,170,93.27,0.0013201342281879,0.99291256158442
565,96,98.7545,1.5659955257270692e-06,0.9891177447782252
565,30,114.0703,0.0031510067114093,0.7988750477805969
555,137,149.5732,0.0004261744966442,0.1314248752518231
513,53,341.0457,0.0,0.6964336908391239
501,202,120.3097,8.948545861297539e-07,0.971923170239012
506,64,337.2445,0.0008302013422818,0.9976682668527206
513,172,21.6131,0.0,0.4527246667910337
493,45,286.1999,0.002482774049217,0.9958524433525762
521,1,353.1144,0.0026221476510067,0.9910815001855612
565,37,108.0798,0.0012319910514541,0.8215572319200835
519,112,260.4536,0.0,0.6412355443114943
508,59,117.4385,0.0015917225950782,0.9971696293668068
492,2,203.0412,0.0,0.9228829945267136
517,86,284.8853,0.0037154362416107,0.9834236250216092
513,72,250.8942,0.0022064876957494,0.994864310839522
506,46,184.9582,0.0015747203579418,0.993439554605874
496,8,246.9238,0.0008751677852348,0.9980968803756276
513,51,146.3494,0.0011087248322147,0.9719328846214166
526,14,237.4605,4.47427293064877e-07,0.925920354482398
565,96,19.8935,1.5659955257270692e-06,0.9863037536867872
555,12,318.054,0.0005002237136465,0.9622316365198772
497,172,195.0527,0.0037042505592841,0.9917111180429722
541,9,67.7978,0.0006044742729306,0.7736424230210556
519,112,305.5781,0.0002069351230425,0.7671213468551975
516,2,73.37,0.0,0.9532449045787964
517,196,314.2664,0.0013807606263982,0.947935979502102
519,126,213.524,0.0,0.3678527086708568
517,190,332.9647,0.0017612975391498,0.8048867742304686
517,30,296.1234,0.0027917225950783,0.9956337664819894
526,42,137.9315,0.0026503355704697,0.9514511965488632
545,108,53.1918,0.0001378076062639,0.7008426923188956
497,207,322.412,0.0,0.9924062006682836
519,90,199.4177,0.0019422818791946,0.9540316469051724
501,11,161.4018,0.0015935123042505,0.9946635920177856
494,27,12.1162,0.0019579418344519,0.978729556759202
548,157,282.513,0.0006501118568232,0.8985640682665444
512,98,342.0697,0.0009912751677852,0.916684543175064
516,7,34.2164,0.0,0.4203772220432618
513,181,266.6483,0.0,0.767262263739235
521,51,106.9864,0.0030496644295302,0.9640119107135208
512,114,347.9165,6.711409395973154e-07,0.7488959523576644
493,21,185.4504,9.395973154362417e-05,0.987626937435817
501,123,156.4534,0.0,0.6792474535438172
518,6,93.078,0.0028738255033557,0.9696587621463694
515,0,147.2688,0.0,0.8321075415283169
565,96,291.8529,0.0001342281879194,0.9835255008536962
493,117,247.7844,0.0013941834451901,0.8338611142899455
555,87,85.9997,0.002276062639821,0.995779921899884
493,115,181.6194,0.0025208053691275,0.8045306456762952
519,82,111.7337,0.0001568232662192,0.6565738957807093
518,14,239.7485,0.0,0.6999028367080857
493,3,117.0647,0.0035577181208053,0.997167862789062
505,13,55.558,2.237136465324385e-07,0.9488008298771706
513,173,266.4603,0.0019617449664429,0.8851210739063907
526,14,207.4204,0.0,0.920537175911383
519,129,325.3687,0.0,0.5374592630102052
494,31,68.2243,0.0019697986577181,0.9900389644498512
517,61,111.4721,0.0018393736017897,0.942092118483615
501,29,180.4491,0.0015870246085011,0.9924996123201036
517,57,310.9381,0.0018677852348993,0.99603760663865
519,19,96.8952,0.0001823266219239,0.9580929303768422
545,73,203.8498,0.0017689038031319,0.9974916696710028
557,67,189.8168,0.0011939597315436,0.986511318783137
497,134,193.3365,0.0,0.5492734298651628
517,141,251.3254,0.0023445190156599,0.9879428404034692
550,22,164.4837,0.0014270693512304,0.9933440847064584
545,171,233.8029,0.0006035794183445,0.9863917166796858
504,138,51.5177,0.0,0.434760291630814
506,55,245.6099,8.366890380313198e-05,0.9558451738189708
504,67,295.1874,0.0020371364653243,0.9964922595903172
504,200,266.7054,0.0024373601789709,0.8687669743096216
504,9,89.8133,0.0006780760626398,0.9039655008696325
549,4,251.8742,0.0005953020134228,0.9215654999862086
513,54,124.1081,0.0,0.6833317730309079
493,58,82.3431,0.0016953020134228,0.9843181171909652
555,118,266.3371,0.0026881431767337,0.9324016531135368
517,141,81.7122,0.0017776286353467,0.972273839389872
526,31,153.6771,2.237136465324385e-07,0.6810908408880864
505,86,163.4009,0.0020451901565995,0.9759387903836312
545,177,132.9911,0.0023013422818791,0.9040118427741244
513,172,298.7222,0.0010252796420581,0.8774916459725877
497,136,191.9017,0.0,0.4134510539347619
493,113,45.6551,0.0023545861297539,0.995542214574542
508,57,80.636,0.003489932885906,0.888994283112229
549,5,194.9953,0.0008776286353467,0.9971290905527032
548,113,342.7157,0.0003373601789709,0.9686210026161188
517,190,299.658,0.0013248322147651,0.8319637732964361
541,9,195.2265,9.30648769574944e-05,0.6177787824102485
513,49,209.6329,0.0002255033557046,0.9914191568259956
555,6,145.3981,0.0002961968680089,0.9289125107348596
529,8,241.5537,0.0036156599552572,0.9904087918223274
504,128,338.7689,0.0006060402684563,0.7126545498699856
501,89,216.3293,0.0025762863534675,0.9585219802512296
565,33,121.834,0.0035395973154362,0.9737240704985752
506,32,219.8794,0.0012020134228187,0.8615318964018592
548,151,135.1296,0.0010458612975391,0.9953795022404782
513,27,6.8186,0.0035668903803131,0.9956484122294298
518,2,233.0578,0.0019478747203579,0.9116784634405424
545,169,297.6693,0.0002098434004474,0.991219947341388
517,86,216.2816,0.0001192393736017,0.9494880774720283
521,0,77.3765,0.0007096196868008,0.5441588164568136
517,126,334.8757,0.0008995525727069,0.982643837829795
505,12,228.0014,0.0,0.9361221981384318
504,111,165.9739,0.0006123042505592,0.9818240010359288
505,179,233.4901,0.0025326621923937,0.6727205176753398
548,115,219.7227,0.0003228187919463,0.754091662484602
504,38,207.2059,0.0034085011185682,0.9940631020679794
505,185,40.3739,0.0014501118568232,0.8296104028094593
517,177,310.0108,0.0027134228187919,0.9686496807624932
515,18,130.2336,0.0016127516778523,0.9945429525226326
497,122,120.8331,6.711409395973154e-07,0.98781032826492
505,5,85.6057,0.0,0.6643358542485538
504,108,346.8189,0.0010751677852348,0.9274597930834728
505,46,331.1615,6.957494407158837e-05,0.9971954329672864
516,3,342.8699,0.000279418344519,0.973363432067234
505,76,153.8076,0.0001729306487695,0.9970923030739586
517,97,231.3423,0.00025548098434,0.9992192607113756
508,60,162.1456,0.0003519015659955,0.9662798282502004
545,172,249.0105,6.711409395973154e-07,0.9873866355531956
534,10,44.5747,0.000265995525727,0.9801595088271888
501,162,320.7944,0.0020977628635346,0.9637657524910002
512,97,240.3315,0.0002011185682326,0.9597002620310408
504,68,123.5367,0.0011595078299776,0.99267034483076
512,110,171.8885,0.0013353467561521,0.967869446324782
517,180,75.2317,0.0012076062639821,0.9904186126895446
506,27,7.7826,0.0004442953020134,0.9019890049858024
497,198,236.5371,0.0,0.9775549856306128
548,159,142.1721,0.0001026845637583,0.802934120124321
501,106,149.0771,0.0018022371364653,0.9914876138963188
513,126,86.5466,0.0033131991051454,0.9992372652254926
493,16,33.6465,0.0035684563758389,0.7984981572437498
504,9,248.3515,0.0033738255033557,0.9625458595123564
514,10,55.6836,0.0034809843400447,0.9326236130262622
505,156,171.8673,0.0,0.6171382205247747
499,16,79.9869,0.0017630872483221,0.9959653717033006
501,205,138.6284,0.0019514541387024,0.985637539871672
505,168,212.3216,0.0,0.4530190820850844
497,8,58.4513,0.0016357941834451,0.9991379513380556
552,75,138.6391,4.47427293064877e-07,0.7502808684667183
552,76,300.6119,0.0009456375838926,0.781356522979181
506,15,196.8276,0.0006599552572706,0.9477055492720516
519,85,237.7806,0.0004436241610738,0.9882173377058868
514,13,57.1384,0.0034729306487695,0.9955387020577174
555,94,15.8856,0.0001076062639821,0.9806602151586812
504,52,299.1582,0.0021369127516778,0.9953598443609132
504,130,310.4055,0.0,0.4672069843677825
504,149,296.8403,0.0022259507829977,0.9027938374555596
565,97,223.0602,0.0034248322147651,0.9994342928300224
493,122,287.819,0.0020165548098434,0.8772669501863068
526,80,118.7756,0.0004302013422818,0.9985584937115248
493,21,152.3277,0.0004527964205816,0.9850911423140214
498,4,260.6412,0.0011653243847874,0.9982447149419968
552,87,194.2457,0.0009147651006711,0.986294597154516
505,7,183.4339,0.0,0.7947236340046037
512,113,287.4776,0.0,0.2013506797058483
516,4,73.2141,0.000341610738255,0.9546570616366244
515,13,281.3837,0.0017997762863534,0.8791754496756072
493,36,174.5427,0.0034076062639821,0.9704534759449248
517,119,279.6334,0.0,0.3560690560753374
565,101,296.205,0.0022841163310961,0.9866747872557596
511,9,219.6791,2.237136465324385e-07,0.846027327755384
512,1,86.0674,0.0014096196868008,0.9234278294973516
493,11,112.5157,0.0026829977628635,0.8297339614766137
493,21,21.3919,0.003262639821029,0.964011347848968
512,66,215.4207,0.0005156599552572,0.9882347585271122
501,172,350.796,0.0019011185682326,0.993583167885391
497,199,289.4812,0.0016812080536912,0.99700019624963
526,34,143.9873,8.232662192393737e-05,0.9325561510783532
557,44,144.8747,0.0013914988814317,0.997125190270462
505,6,191.1766,0.0,0.8249038178610889
516,6,259.5879,0.0,0.4736504346464272
513,45,222.9085,0.0013082774049217,0.9482007030953314
504,9,72.2224,0.0015856823266219,0.9290302619867612
518,1,194.9042,0.0033152125279642,0.6760446248304784
505,124,322.7503,0.0026434004474272,0.970466337995988
513,70,343.2037,0.0001653243847874,0.7947134108128892
552,7,69.0065,0.0015067114093959,0.5793069319439669
544,11,267.2855,0.0008854586129753,0.8019614408215142
555,164,317.2009,7.15883668903803e-05,0.9174537778972908
512,113,168.6568,0.0,0.1812643919647157
505,177,59.0861,0.0,0.3482865087281486
534,6,234.0823,0.000789932885906,0.7787126934941533
541,6,229.9919,0.0018192393736017,0.9941906511243352
519,82,41.406,4.47427293064877e-07,0.6525496296774106
512,37,185.566,0.0004912751677852,0.9935530214901738
501,135,133.3674,0.0,0.9372688243489574
505,9,304.2269,0.0,0.9165923281491511
497,134,325.7253,0.0032834451901565,0.7684142085036705
517,119,201.6208,0.0,0.3555088964808754
535,27,194.7966,8.344519015659956e-05,0.9888943138718078
517,20,30.5036,0.0037577181208053,0.9472037184628724
513,60,289.0346,0.0007134228187919,0.9642043431815186
501,202,162.5312,0.0018697986577181,0.9920768526884152
526,106,84.9207,0.0019548098434004,0.994902836505699
519,110,156.621,0.0025255033557046,0.7063271338084258
505,183,109.0674,4.47427293064877e-07,0.4381884705498324
497,167,12.6764,0.0,0.6307945656675165
529,13,71.4544,0.0001270693512304,0.9589386262764402
505,48,162.2812,0.0007380313199105,0.9982114249895936
506,30,81.9304,0.0,0.7116594365352902
516,7,129.4555,0.0,0.4204007209285085
521,1,30.5708,0.0,0.9365398452068708
497,174,126.9243,0.0008774049217002,0.9252382977769652
513,17,227.7734,0.0031590604026845,0.9935265716669796
535,25,148.9931,0.00095548098434,0.60241954325803
501,190,155.6804,0.0029646532438478,0.4758126685573394
497,7,93.367,0.0011434004474272,0.9962926974522724
498,1,104.2017,0.0,0.8358263521991105
518,8,196.2823,2.237136465324385e-07,0.9585765382030368
545,175,231.5605,0.0001512304250559,0.9471863710648676
512,1,251.184,0.0035695749440715,0.7735699327603192
555,39,115.6509,0.0002541387024608,0.9891169572075424
520,1,145.4411,0.0002178970917225,0.8088384134487566
506,38,264.1442,0.0002275167785234,0.4784623530223781
527,9,154.8607,0.0001628635346756,0.9892712655017885
517,139,174.8867,0.003417673378076,0.9952128894775468
501,130,155.3209,0.0006536912751677,0.9812328362842312
552,91,140.7553,0.0012008948545861,0.9926403287451906
527,11,164.0178,0.0018362416107382,0.977193627406132
493,51,89.7956,0.000865548098434,0.9934785379263188
505,6,203.3335,0.0,0.8241183822421617
534,8,190.8208,0.0031946308724832,0.980170442283261
565,98,225.4441,0.0010107382550335,0.7076790050058646
526,12,179.3488,0.0015194630872483,0.9952809889579156
519,128,222.2601,0.0,0.4731362604911178
501,123,259.084,0.0,0.6775467922493609
517,92,209.6147,0.0010123042505592,0.8624264954907307
508,39,37.6753,0.0035161073825503,0.9739224078037848
505,158,68.8656,0.0,0.6307764087448866
550,1,216.1411,0.0011800894854586,0.9857099327536514
497,97,169.8691,0.002779865771812,0.9733627708616348
501,174,55.2074,0.0034539149888143,0.9978305927191026
504,159,37.6155,0.0021523489932885,0.8526105390878761
548,153,284.0791,0.0004008948545861,0.994005677480407
505,184,340.1942,0.0,0.545625621340183
519,111,234.3085,0.0,0.5491019914461267
545,171,141.0505,0.0001684563758389,0.9913788983315798
512,60,306.4556,0.0022847874720357,0.6881219320082241
498,4,163.1084,0.0035129753914988,0.9913268486691654
555,136,295.4501,0.0001288590604026,0.0437036141167781
518,13,98.4186,4.47427293064877e-07,0.8377925128888215
501,208,100.6579,2.237136465324385e-07,0.8405865206074773
493,16,12.6229,0.0033080536912751,0.8418279102863974
552,61,65.9909,0.0001187919463087,0.9891875209426184
516,6,236.0842,0.0,0.46884547545764
505,157,34.8017,0.0,0.6231141664753747
508,17,39.0112,0.0024863534675615,0.9704578936624236
501,216,148.4973,0.0,0.5337950587977109
555,41,173.2169,0.0005885906040268,0.94474113348692
501,185,113.4225,0.0023879194630872,0.6076911299364046
552,91,255.8029,0.0006706935123042,0.993996431640507
504,20,295.2618,0.0007713646532438,0.977500934090602
513,69,83.339,0.003310514541387,0.9354802125437316
512,97,271.1748,0.0029785234899328,0.9828245420170744
497,6,181.8306,0.0022503355704697,0.9667448168704732
552,72,337.6157,0.0024935123042505,0.7256525740898937
512,90,76.0341,0.0009586129753914,0.9346844289805206
519,98,12.9742,0.0005742729306487,0.9696278657104692
494,1,165.6762,0.0008355704697986,0.699769413478655
517,191,288.7818,0.0016342281879194,0.5834989770888893
515,10,125.8326,0.0034085011185682,0.9329486994482225
565,95,138.1308,0.0002427293064876,0.9710237066922603
505,9,350.1861,0.0035302013422818,0.9720515453449984
513,43,85.9799,0.0028771812080536,0.983192737570166
493,52,354.6169,0.0017503355704697,0.9269306311223166
498,5,190.1796,0.0,0.7996918867272563
497,98,91.1731,0.0003046979865771,0.991684768417797
565,116,36.6014,0.0001534675615212,0.7578041011072444
497,170,323.6109,0.0,0.8136787900500685
534,4,298.1121,9.395973154362418e-05,0.6375174647074421
505,8,294.9019,6.711409395973154e-07,0.9431955736968176
505,101,227.307,0.0001507829977628,0.9855652615528282
501,194,313.8481,0.0,0.2397438733435112
522,9,108.3261,0.0,0.6247904289273661
493,12,232.4698,0.0014324384787472,0.4262844767959251
548,157,24.2463,0.0016859060402684,0.9508836600843908
555,100,313.0498,0.0028948545861297,0.9463210496719427
506,17,60.6593,0.0005944071588366,0.9611178308610512
517,161,118.3197,8.098434004474274e-05,0.8519714852311079
517,193,204.0647,2.237136465324385e-07,0.7573222187935087
519,24,107.6869,0.0009232662192393,0.9947593185516522
501,186,31.6195,0.001189932885906,0.7909989991295506
493,97,27.51,0.0031286353467561,0.8538145946400298
497,123,168.5015,0.002976062639821,0.9863893472041873
504,138,99.3476,0.0,0.4555157851632636
497,154,304.5582,0.0013917225950782,0.9888886014092304
505,124,99.0003,0.0028333333333333,0.9821342331501496
513,66,116.4519,0.0025881431767337,0.9708861792176072
565,34,30.8276,0.0002223713646532,0.9563074286659692
501,221,180.9521,0.0032404921700223,0.9775160008771396
518,16,109.1113,0.0,0.7210542603585026
514,4,80.58,0.0031894854586129,0.9980135333515002
541,19,91.6648,0.0009353467561521,0.5840756511084602
555,11,190.6001,0.0012610738255033,0.9732048491170082
494,25,275.8248,2.237136465324385e-07,0.953265196834268
534,12,116.2753,6.711409395973154e-07,0.9744111288159372
513,30,132.2173,0.0021302013422818,0.9839382753887076
492,10,257.5724,0.0,0.896015978422634
565,95,347.9213,0.0001205816554809,0.9827743338780052
518,5,82.1768,0.0,0.9663187157800815
506,41,173.8192,0.0029510067114093,0.5655637195896711
501,114,104.2273,0.0005093959731543,0.7976614111685799
493,41,260.3762,0.0027395973154362,0.9991916944297072
545,179,15.1553,0.0005610738255033,0.9313351427680646
514,17,141.8342,0.0018664429530201,0.6572147912115992
512,56,39.2474,0.0029319910514541,0.9803295649792072
545,132,93.27,0.0003525727069351,0.925328904845295
519,131,335.2397,0.0,0.4967402033172927
548,152,152.6661,1.5659955257270692e-06,0.9957242403885268
505,14,282.4118,0.0001234899328859,0.9961611581607792
513,45,111.6013,0.0014894854586129,0.952253286727557
493,50,35.1795,0.0025026845637583,0.9771243515515512
548,90,68.3376,0.0037163310961968,0.9606175925212777
497,6,307.1621,0.0007252796420581,0.9730011537982128
530,9,57.8194,0.003572706935123,0.9783642967388028
519,110,250.0395,2.237136465324385e-07,0.6897636020252291
534,15,42.9872,0.0033463087248322,0.9965421330077936
552,7,77.0134,0.0036040268456375,0.5612000446731997
493,90,37.5719,0.0018946308724832,0.8418400962776258
519,189,338.7171,0.0002418344519015,0.960615889278832
504,65,300.2717,0.0005577181208053,0.969183721779459
513,138,90.6831,0.0009299776286353,0.9509498973696064
504,69,248.6344,0.0034527964205816,0.9966936595783416
497,93,210.4097,0.0021617449664429,0.9892182534961974
504,82,171.5911,0.0007805369127516,0.7672838223983567
517,122,14.0444,0.0027639821029082,0.733627470923568
513,183,171.7692,0.0003046979865771,0.9131996258146092
526,31,331.8908,0.0,0.6753555709841629
505,64,95.0442,0.0006818791946308,0.9785035095494736
526,93,235.7955,0.0009838926174496,0.9807352595151536
517,164,200.6719,0.0013776286353467,0.945814524122694
545,168,326.7121,0.0005577181208053,0.967990714952594
493,118,162.8922,0.0001733780760626,0.7996303775196428
496,9,352.1606,2.237136465324385e-07,0.9154047592587002
522,12,341.8529,0.0032706935123042,0.9838246426528
517,190,147.0227,0.0018565995525727,0.7589611181543348
555,71,311.8751,0.0030152125279642,0.948896561092381
519,125,184.9795,0.0,0.4481012180651128
505,87,8.8692,0.0005597315436241,0.9310647756172336
506,19,251.9534,0.0,0.4971626458297792
545,82,86.0029,7.248322147651007e-05,0.9399055589158178
505,78,4.0714,0.0015968680089485,0.9981363235377432
513,103,147.4553,0.0002590604026845,0.9878674345731911
513,42,272.1293,0.0,0.8603360477113317
565,33,212.3885,0.0010612975391498,0.9865720650072436
501,216,194.542,0.0,0.4761695188568389
545,169,190.6128,0.0005747203579418,0.9916184407398336
497,157,143.6024,6.711409395973154e-07,0.9943007885427622
497,68,352.9903,0.0006729306487695,0.9803024178724554
545,106,281.6773,0.0018389261744966,0.4966917167372252
526,31,40.0239,4.47427293064877e-07,0.7055524776006388
512,10,307.0759,0.0020261744966442,0.9929347997190257
513,21,47.2505,4.47427293064877e-07,0.9825311128095991
519,193,151.0622,0.0013111856823266,0.9821825712108296
501,190,112.535,0.0,0.1735080685025389
505,89,142.5663,0.0002861297539149,0.9952641363617146
510,15,55.1483,0.0019823266219239,0.9838069384460744
545,113,122.7325,1.5659955257270697e-06,0.2864502623139461
519,114,21.793,0.0,0.5513652351157181
526,16,203.9092,0.0,0.9434716789553714
517,63,177.6881,0.0008172259507829,0.9926268258302114
501,207,224.0083,0.001162639821029,0.7384645624949369
534,4,228.9869,0.0003749440715883,0.8563971400118895
506,17,267.2663,0.0018953020134228,0.967743371923872
504,95,53.9092,0.0020628635346756,0.9962274241216814
526,70,90.9093,0.0017953020134228,0.9967307149537185
548,114,132.3414,0.0007067114093959,0.6418555682240428
565,125,238.7372,0.0016489932885906,0.646961791240789
545,124,170.508,2.237136465324385e-07,0.8418728897505819
504,65,331.5284,0.0012409395973154,0.975032914215077
497,133,125.3734,0.0025729306487695,0.9055896555403666
505,126,88.3167,0.0016436241610738,0.9858038987629192
505,5,13.1764,0.002521029082774,0.828294095658637
550,37,311.0105,0.0024666666666666,0.8535467090000871
565,115,297.4929,0.0013134228187919,0.4539435655366031
497,156,277.0047,0.0009402684563758,0.9860436335642384
519,68,181.9453,7.0917225950783e-05,0.9983983858001788
508,58,16.3948,0.0006266219239373,0.931153516159284
519,175,242.4709,9.597315436241612e-05,0.99601972255774
513,129,41.6199,0.0023060402684563,0.9988025368384018
545,165,59.1471,0.0026778523489932,0.9953650664030624
517,175,35.5433,0.0016988814317673,0.9891385921836182
497,104,155.7395,0.0015664429530201,0.9908625660892308
497,68,235.2631,0.0013854586129753,0.9912943899256426
501,225,301.8866,0.0035536912751677,0.992203425431764
565,80,274.5374,0.0006373601789709,0.9989667697368736
550,4,240.9375,0.0001702460850111,0.9831580805512364
497,175,99.0662,0.0031861297539149,0.918427504862162
518,11,228.9637,0.0009035794183445,0.9726205825891606
519,149,17.7991,0.0017158836689038,0.947969024954322
504,10,164.1919,0.002569351230425,0.9977290929294864
504,67,280.4257,0.0012174496644295,0.9961385070307032
517,192,245.6679,0.001682774049217,0.8594103511904708
521,50,106.8609,0.0026642058165548,0.8914974307556393
526,71,60.5583,0.0017637583892617,0.9992260616780074
548,153,79.6472,1.1185682326621925e-06,0.995527852394294
517,121,2.8289,0.0023366890380313,0.4386291108086786
513,80,86.5858,0.0006778523489932,0.9670539470572757
512,114,159.3701,0.0,0.2061679459389577
525,6,226.1092,4.47427293064877e-07,0.6021929668266901
519,58,11.8111,0.0014230425055928,0.9807653971886944
548,122,116.9085,0.0011821029082774,0.9392757326045644
505,158,100.9851,0.0,0.632742072325113
517,78,297.0899,0.003503803131991,0.9855021281105664
501,133,223.7047,7.002237136465324e-05,0.8614085165371826
545,123,163.2627,0.0014780760626398,0.9058304581560812
504,37,332.7648,0.0021093959731543,0.9985329110792694
545,175,267.2783,0.0020427293064876,0.9858207180427268
496,0,284.2508,0.0,0.6014655009440666
517,165,137.7595,0.0003129753914988,0.9569896786436534
501,163,335.7289,4.47427293064877e-07,0.9044841089050654
545,86,176.4021,0.0020718120805369,0.9691912686625612
499,11,131.4462,0.0008404921700223,0.8535943513792303
519,141,180.6242,0.003293736017897,0.9322060585597484
513,108,145.6596,0.0002986577181208,0.9875365376753984
504,82,159.9276,0.0,0.6181841002769456
492,6,216.3495,0.0,0.911345580995681
525,2,181.6922,0.0034834451901565,0.8756041051154847
501,134,84.4186,2.237136465324385e-07,0.9227866950763796
548,114,332.2759,6.196868008948547e-05,0.721977062580087
555,26,227.0382,0.0003149888143176,0.9849171159695678
565,93,240.7827,0.002200447427293,0.9938860218612436
519,154,118.7761,0.003728187919463,0.9859100390004604
492,10,190.38,0.0,0.9185018011652978
493,120,276.9265,0.0013371364653243,0.6741597679905345
565,12,231.3035,8.903803131991052e-05,0.9803371914061808
548,22,215.2042,8.948545861297539e-07,0.1173746367000806
504,191,264.1583,0.0018190156599552,0.7351389207850506
513,95,35.8385,0.0,0.7320778423321566
497,27,79.8119,0.0024876957494407,0.9806745016553255
505,5,117.0429,0.0,0.6971751861553637
513,128,178.0434,0.0013174496644295,0.9985087739895216
504,94,14.3151,5.838926174496644e-05,0.9918284125727048
508,58,206.5885,0.0025619686800894,0.9983717062626306
519,187,350.81,0.0013125279642058,0.9749322991803432
501,79,213.9361,6.554809843400448e-05,0.989530315517562
525,11,183.0353,6.711409395973154e-07,0.9758368059028284
512,25,239.9937,6.97986577181208e-05,0.9948394148749816
512,57,48.6165,8.948545861297539e-07,0.8394294608585965
557,68,95.7167,0.000210514541387,0.9953936098177024
504,137,29.1196,0.0,0.3879083353040489
493,26,294.0275,0.0023049217002237,0.6220446333372318
501,145,13.2808,0.0005178970917225,0.9853430696705864
517,138,266.4281,0.0019017897091722,0.9538872729574563
505,188,353.4233,0.0024360178970917,0.9364134581802944
513,175,254.8973,0.0,0.7504150486007094
519,155,174.6428,0.0005055928411633,0.9892055189836052
513,88,144.451,0.0008805369127516,0.9979858557305836
519,78,235.057,0.0015181208053691,0.922549817344132
544,18,259.6968,0.0006610738255033,0.9730914168726952
545,172,48.073,0.0001266219239373,0.9804694604308676
519,41,149.2575,0.002572706935123,0.9953433625471488
519,84,345.1045,0.0033704697986577,0.981761761845715
513,104,27.6969,5.950782997762864e-05,0.9912567736378628
504,68,186.397,0.0016861297539149,0.9947197514442054
526,39,30.2858,4.47427293064877e-07,0.7125594568549031
493,32,23.3746,0.0036559284116331,0.8818549596598758
504,130,183.3172,0.0,0.4709220992983761
505,130,96.7186,0.001069351230425,0.8791481831632157
517,14,14.0162,0.003362639821029,0.6860421060550894
526,16,227.6442,6.711409395973154e-07,0.9604381253888712
493,118,77.5437,5.727069351230425e-05,0.7935378459569383
497,110,26.5551,0.0005006711409395,0.6990806874401332
520,2,247.2789,4.47427293064877e-07,0.9258087363038834
497,191,274.6313,4.47427293064877e-07,0.8815997463500452
548,90,204.4842,0.0019217002237136,0.9287115006237882
545,94,215.2855,0.0003134228187919,0.8499809972194893
493,26,283.4724,0.001945413870246,0.6424094468946303
506,35,218.7574,0.0036469798657718,0.985180430060086
512,13,67.6837,0.0020610738255033,0.9857311379140264
504,185,166.317,0.0,0.4024929662048405
504,67,257.0796,0.001859284116331,0.9964679084572052
512,97,2.7612,0.0028069351230425,0.987254473574854
493,86,142.9522,0.0010825503355704,0.9097488229984204
498,4,113.2114,0.0,0.8890327135770681
501,137,342.4578,0.0029272930648769,0.8973824080019435
505,169,232.0847,4.47427293064877e-07,0.4995747813385678
504,152,108.7303,0.0019259507829977,0.8618278514222734
497,4,348.5116,0.0002134228187919,0.940046408108295
504,106,317.7676,0.0001080536912751,0.9876944345025384
501,167,281.0109,0.0006190156599552,0.9538276164677724
510,16,103.4725,0.0,0.6559584890096081
497,166,92.7316,0.0031950782997762,0.7466678773168942
517,123,46.5101,0.0,0.3504062666050643
518,2,19.9532,0.0,0.6275536491897923
517,128,90.143,0.0007228187919463,0.9857477195625752
513,105,6.0023,0.0025914988814317,0.9945959605762426
519,130,178.9066,0.0,0.4872192633466822
519,191,342.5882,0.0,0.6622500085050645
497,195,8.8744,0.0,0.8958298962293143
515,11,317.3602,0.0,0.9408073165918768
501,135,183.2399,0.0028431767337807,0.985156548634892
501,186,299.0468,0.0,0.3870077979983605
501,60,24.109,0.0005033557046979,0.95088663048295
519,115,11.9458,6.711409395973154e-07,0.8230586795487503
501,88,183.8555,0.0035163310961968,0.94636616061675
520,4,182.8691,4.47427293064877e-07,0.920104887296947
508,41,127.9672,0.0003246085011185,0.9726514501550232
501,165,206.9305,0.0037024608501118,0.8743822032561829
517,47,124.6025,0.0033749440715883,0.9930318964742404
504,178,137.7212,8.948545861297539e-07,0.3709933568628974
517,93,59.0756,0.0037131991051454,0.8565465738540943
535,0,225.3254,0.0,0.9844295532010496
505,121,50.275,0.000296644295302,0.995393988235986
512,96,249.144,0.001038255033557,0.9859780426609098
517,177,271.5917,0.0006373601789709,0.8724821220246491
518,16,201.7972,0.0,0.7275231405793627
517,89,148.7214,0.0,0.3585627861482425
555,101,318.6394,0.0037586129753914,0.9696546308618296
504,125,44.1642,0.0,0.7732942885999997
509,4,325.121,0.0020736017897091,0.7413839820809148
555,9,21.1636,0.0004816554809843,0.9384931631582047
565,33,355.2511,0.0022944071588366,0.9425631839912572
565,100,115.4823,9.507829977628635e-05,0.9342201996518322
513,43,57.594,0.0012847874720357,0.9725583565353436
493,117,129.7457,0.0003510067114093,0.8375067160818538
545,108,257.7886,0.0002642058165548,0.5005980230736458
518,20,67.8036,6.711409395973154e-07,0.803160464851741
492,4,192.4373,2.237136465324385e-07,0.9065195956589494
501,185,144.0194,0.0032863534675615,0.9621689164119238
501,192,79.1621,0.0006165548098434,0.3980585744805331
505,158,167.9227,0.0,0.668205502649518
517,94,21.3542,0.0,0.297997561057081
496,14,96.4219,0.0020120805369127,0.8408827652355518
501,202,84.4042,0.0036624161073825,0.9914408428990328
555,76,97.9156,0.0017680089485458,0.9929363005308331
545,75,242.717,0.0016800894854586,0.985191813973168
492,11,322.6529,0.0,0.9556272850558478
519,3,253.4726,0.0023608501118568,0.9928245688814682
519,204,182.708,0.0,0.3571308912117744
496,3,276.7652,0.003493736017897,0.9626186998152912
493,38,25.532,4.47427293064877e-07,0.9812113823425208
494,43,163.0946,0.0008961968680089,0.9880700074489884
521,29,356.4229,0.000372706935123,0.9975433512439682
497,177,97.2735,0.0020127516778523,0.9954646154200242
501,131,290.7146,0.0009033557046979,0.9231249002825076
504,8,141.7764,0.0002378076062639,0.8856545402392592
504,11,78.148,0.0032874720357941,0.9817111489692288
565,34,173.2135,0.0009718120805369,0.8072617316872739
497,34,130.5256,0.0001187919463087,0.9955702063659494
497,210,337.9179,0.0001165548098434,0.958353551220583
504,183,295.1042,7.539149888143177e-05,0.477325096996104
515,16,324.6592,0.0001145413870246,0.9935580388191466
506,29,82.6299,0.0003946308724832,0.9660908313991418
492,7,165.297,0.0,0.9559686504176872
526,39,196.6122,0.0,0.7447044837481662
526,7,178.6332,2.237136465324385e-07,0.9587405647304506
497,4,203.8415,6.711409395973154e-07,0.9306007327455796
501,10,176.027,0.0005082774049217,0.9987482881162832
514,14,64.6309,1.3422818791946309e-06,0.8401514158865485
518,16,313.8747,0.0,0.7246033811452688
497,204,239.9103,0.0009782997762863,0.9826143726044808
504,38,271.6559,0.0009427293064876,0.991140536520852
517,85,173.8764,0.0012351230425055,0.9949801389269994
550,1,327.8884,0.0027427293064876,0.993189076283529
505,85,325.1886,0.0029863534675615,0.8951452278037141
565,34,311.6336,0.0016577181208053,0.960292091128878
545,85,49.1618,0.000682774049217,0.9155508393293784
534,4,319.2104,0.0001651006711409,0.664478669731485
496,14,2.6923,0.0,0.7737435391260814
520,0,202.9889,0.0,0.7524933112918653
493,128,111.9021,2.237136465324385e-07,0.9948236971611278
527,2,157.4981,0.0030628635346756,0.9586266900916336
519,87,179.4866,0.0029154362416107,0.992457412757124
512,36,83.262,0.0029552572706935,0.9826968760987288
501,117,2.5645,0.0003673378076062,0.6434932986037968
513,147,327.1819,0.002065548098434,0.9935681734831836
555,61,56.1591,0.0022552572706935,0.9895664373246168
517,90,263.233,0.0022812080536912,0.9873445011042574
526,38,149.0404,0.0,0.7143372481227938
517,170,276.9272,0.0006223713646532,0.9693217221561266
504,54,9.565,0.000421029082774,0.9912534257968504
519,190,165.881,0.0023127516778523,0.9824801926633936
517,90,65.8601,0.0028771812080536,0.8352274261965575
504,38,313.4301,0.0018127516778523,0.9908818351081202
504,11,18.3389,0.001834899328859,0.994067050428486
501,178,14.4607,0.0002686800894854,0.9800872760315772
565,34,87.8149,0.0007288590604026,0.9541245438590256
545,176,301.3479,0.0026704697986577,0.917442121960624
565,29,290.3384,0.0001514541387024,0.8156380828366527
497,108,214.7004,0.0019089485458612,0.8016090040406757
504,199,132.3324,0.0031729306487695,0.9110556023119514
517,62,251.8046,0.0032756152125279,0.9947497337865592
517,32,357.9486,0.0001279642058165,0.9810803138606952
497,169,272.8498,4.47427293064877e-07,0.6752851357914679
517,116,254.7093,0.0019308724832214,0.9008225443387924
505,9,107.6536,0.0,0.9112814788818931
504,16,267.5986,0.0001545861297539,0.9950093143745508
548,114,186.2837,0.0005689038031319,0.6322120425368828
