exp,file_num,t_entry,motion_pre,scorer
492,2,169.0795,0.0,gily
496,0,317.0929,0.0,gily
498,2,35.2916,0.0,gily
498,0,65.1611,0.0,gily
504,125,237.308,0.0,gily
504,184,283.4851,0.0,gily
544,13,181.7618,0.0,gily
526,3,18.4366,0.0,gily
526,9,197.5686,0.0,gily
517,120,299.1443,0.0,gily
515,14,333.7268,0.0,gily
526,24,219.7903,0.0,gily
511,13,210.9883,1.3422818791946309e-06,gily
530,3,7.4853,2.6845637583892617e-06,gily
530,7,99.3818,2.908277404921701e-06,gily
530,11,163.2122,3.131991051454139e-06,gily
548,121,227.3036,3.131991051454139e-06,gily
530,7,131.3372,3.3557046979865773e-06,gily
548,115,299.8951,8.053691275167787e-06,gily
544,13,100.7051,1.5883668903803133e-05,gily
534,4,352.2731,0.0001617449664429,gily
548,115,271.3011,0.0002263982102908,gily
560,3,200.0255,0.0002431767337807,gily
544,13,45.766,0.0003776286353467,gily
567,24,85.0753,0.0004684563758389,gily
541,4,174.9948,0.0005024608501118,gily
550,49,29.5014,0.0005335570469798,gily
546,1,139.4852,0.0005519015659955,gily
544,18,81.6968,0.0008395973154362,gily
515,0,118.9283,0.0009601789709172,gily
515,12,267.7066,0.0010709172259507,gily
550,37,245.7224,0.0011293064876957,gily
545,109,72.6343,2.237136465324385e-06,gily
530,2,262.916,2.460850111856824e-06,gily
545,127,15.8276,3.3557046979865773e-06,gily
548,116,65.7277,3.8031319910514553e-06,gily
565,116,63.7517,4.250559284116331e-06,gily
544,13,134.1863,4.697986577181209e-06,gily
541,19,314.738,5.1454138702460855e-06,gily
548,115,164.8718,6.935123042505593e-06,gily
548,115,284.2469,1.498881431767338e-05,gily
545,153,33.7173,2.460850111856824e-05,gily
545,180,93.7924,2.5055928411633108e-05,gily
545,145,86.3823,2.550335570469799e-05,gily
548,116,97.0503,2.6398210290827744e-05,gily
555,140,178.0634,2.997762863534676e-05,gily
541,19,350.57,3.1096196868008944e-05,gily
548,116,37.3689,3.355704697986577e-05,gily
529,3,333.79,4.675615212527965e-05,gily
541,19,245.9668,4.697986577181208e-05,gily
555,130,286.6108,4.720357941834452e-05,gily
565,113,295.3863,0.0019308724832214,undergrad
513,181,97.2715,0.0,undergrad
526,29,191.9102,0.0,undergrad
513,180,335.6089,0.0,undergrad
545,123,64.6391,0.0022545861297539,undergrad
521,49,325.352,0.0,undergrad
492,6,266.4432,0.0,undergrad
492,14,343.9219,0.0,undergrad
526,20,245.7957,2.237136465324385e-07,undergrad
519,130,52.3531,0.0,undergrad
517,116,189.4235,0.0,undergrad
492,12,131.8405,0.0,undergrad
504,124,184.1127,0.0,undergrad
501,215,212.4305,0.0,undergrad
519,120,210.7736,0.0,undergrad
544,13,204.8674,4.47427293064877e-07,undergrad
510,15,317.1448,0.0,undergrad
511,10,11.0016,6.711409395973154e-07,undergrad
501,124,73.5634,0.0,undergrad
550,46,275.7165,0.0028375838926174,undergrad
545,180,177.4949,0.0013434004474272,undergrad
544,13,116.9668,0.0,undergrad
511,9,26.2998,2.237136465324385e-07,undergrad
518,2,162.4427,2.237136465324385e-07,undergrad
515,14,256.5403,0.0,undergrad
504,182,126.8368,0.0,undergrad
504,203,42.4208,0.0,undergrad
504,127,359.0091,0.0,undergrad
497,131,200.3553,0.0003131991051454,undergrad
501,124,172.0387,0.0,undergrad
545,127,66.0547,0.0003778523489932,undergrad
492,10,308.0485,0.0,undergrad
505,36,339.4175,2.237136465324385e-07,undergrad
513,172,201.2628,0.0,undergrad
525,4,173.4651,0.0,undergrad
505,7,265.4016,0.0,undergrad
504,82,133.5088,0.0,undergrad
526,24,146.5833,0.0,undergrad
545,110,296.1186,1.1185682326621925e-06,undergrad
526,19,304.4049,0.0,undergrad
518,16,154.8586,0.0,undergrad
513,93,248.2659,0.0,undergrad
526,20,108.9569,0.0,undergrad
519,125,317.4265,0.0,undergrad
517,192,129.1234,0.0,undergrad
519,121,337.7534,0.0,undergrad
519,113,23.1492,0.0004127516778523,undergrad
526,9,106.898,0.0,undergrad
545,123,139.1521,0.0005384787472035,undergrad
519,131,114.7761,0.0,undergrad
513,136,306.2793,0.0,undergrad
497,169,329.834,0.0,undergrad
513,40,350.1481,1.3422818791946309e-06,undergrad
504,176,196.9702,0.0,undergrad
548,121,230.6045,0.003600447427293,undergrad
492,13,114.6253,0.0,undergrad
492,5,222.14,0.0,undergrad
512,113,196.1784,0.0,undergrad
517,16,282.3788,0.0,undergrad
506,19,187.6232,0.0,undergrad
515,12,240.7643,0.0,undergrad
505,85,65.0803,0.0,undergrad
497,213,196.1471,0.0,undergrad
497,135,312.8142,0.0,undergrad
497,136,15.5938,0.0,undergrad
526,31,225.6234,0.0,undergrad
517,122,260.6321,0.0,undergrad
513,179,124.2099,1.5659955257270692e-06,undergrad
497,140,343.0705,0.0013472035794183,undergrad
513,54,93.5886,0.0,undergrad
497,170,20.9067,0.0,undergrad
492,10,275.5436,0.0,undergrad
545,108,172.694,0.0002017897091722,undergrad
498,2,172.9065,0.0,undergrad
517,94,188.8198,0.0,undergrad
492,11,217.8941,1.3422818791946309e-06,undergrad
526,32,277.8972,0.0,undergrad
519,130,236.806,0.0,undergrad
517,118,309.0508,0.0,undergrad
519,123,193.2795,0.0,undergrad
548,115,49.633,0.0,undergrad
504,182,314.1289,0.0,undergrad
526,40,205.7694,0.0,undergrad
516,6,297.0349,2.237136465324385e-07,undergrad
492,12,286.9691,1.3422818791946309e-06,undergrad
548,115,247.853,0.0002042505592841,undergrad
513,138,111.7755,6.711409395973154e-07,undergrad
497,23,301.7989,0.0,undergrad
519,79,182.8351,0.0,undergrad
517,121,302.6922,0.0,undergrad
545,178,166.5724,0.0027082774049217,undergrad
513,138,243.4579,0.0,undergrad
517,94,220.8154,0.0,undergrad
506,57,337.8277,0.0,undergrad
545,108,216.7789,0.0002953020134228,undergrad
497,213,340.354,0.0,undergrad
518,1,276.8047,0.0,undergrad
504,137,232.7781,0.0035331096196868,undergrad
548,158,33.8605,0.0002953020134228,undergrad
513,171,246.1408,0.0,undergrad
501,110,301.5386,0.0,undergrad
517,117,279.4449,0.0,undergrad
497,169,168.2101,2.237136465324385e-07,undergrad
555,137,52.1126,0.0007409395973154,undergrad
526,33,83.5539,0.0,undergrad
497,138,128.6562,0.0,undergrad
501,188,250.8603,0.0,undergrad
515,13,247.6743,0.0,undergrad
548,157,218.9269,0.0008787472035794,undergrad
512,112,313.267,0.0,undergrad
525,6,200.8155,0.0,undergrad
545,143,293.4516,0.0005950782997762,undergrad
492,3,147.0253,0.0,undergrad
513,171,31.5442,0.0,undergrad
506,58,264.4298,0.0,undergrad
534,4,153.8186,0.0005398210290827,undergrad
526,9,17.3235,0.0,undergrad
548,115,349.2175,4.47427293064877e-07,undergrad
548,116,148.6829,1.1185682326621925e-06,undergrad
544,13,75.4211,0.0004465324384787,undergrad
550,48,322.3528,2.237136465324385e-07,undergrad
526,37,315.7398,0.0,undergrad
504,122,175.2991,2.237136465324385e-07,undergrad
513,54,189.0831,2.237136465324385e-07,undergrad
526,40,173.9438,0.0,undergrad
513,55,144.2929,0.0,undergrad
501,216,69.0077,0.0,undergrad
504,124,217.3388,0.0,undergrad
517,108,77.1046,0.0,undergrad
526,24,176.8184,0.0,undergrad
545,153,251.4857,0.0,undergrad
526,20,28.8683,2.237136465324385e-07,undergrad
492,5,325.3982,0.0,undergrad
513,51,28.0634,0.0,undergrad
526,24,53.6186,0.0,undergrad
517,94,100.1869,0.0,undergrad
517,122,355.2362,0.0,undergrad
497,214,166.3958,0.0,undergrad
501,111,63.097,0.0,undergrad
544,12,164.5594,0.0006695749440715,undergrad
519,132,228.4805,0.0,undergrad
544,13,226.2264,4.47427293064877e-07,undergrad
550,33,233.8943,0.0016548098434004,undergrad
545,177,221.5741,0.0026789709172259,undergrad
526,30,291.2338,1.1185682326621925e-06,undergrad
545,180,193.2497,0.0008460850111856,undergrad
518,2,190.5426,0.0,undergrad
555,137,149.5732,0.0004261744966442,undergrad
513,53,341.0457,0.0,undergrad
513,172,21.6131,0.0,undergrad
519,112,260.4536,0.0,undergrad
492,2,203.0412,0.0,undergrad
519,126,213.524,0.0,undergrad
545,108,53.1918,0.0001378076062639,undergrad
516,7,34.2164,0.0,undergrad
513,181,266.6483,0.0,undergrad
501,123,156.4534,0.0,undergrad
515,0,147.2688,0.0,undergrad
518,14,239.7485,0.0,undergrad
519,129,325.3687,0.0,undergrad
497,134,193.3365,0.0,undergrad
504,138,51.5177,0.0,undergrad
513,54,124.1081,0.0,undergrad
526,31,153.6771,2.237136465324385e-07,undergrad
497,136,191.9017,0.0,undergrad
541,9,195.2265,9.30648769574944e-05,undergrad
529,8,241.5537,0.0036156599552572,undergrad
505,5,85.6057,0.0,undergrad
548,159,142.1721,0.0001026845637583,undergrad
505,156,171.8673,0.0,undergrad
505,168,212.3216,0.0,undergrad
504,130,310.4055,0.0,undergrad
505,7,183.4339,0.0,undergrad
512,113,287.4776,0.0,undergrad
515,13,281.3837,0.0017997762863534,undergrad
517,119,279.6334,0.0,undergrad
511,9,219.6791,2.237136465324385e-07,undergrad
505,6,191.1766,0.0,undergrad
516,6,259.5879,0.0,undergrad
512,113,168.6568,0.0,undergrad
505,177,59.0861,0.0,undergrad
497,134,325.7253,0.0032834451901565,undergrad
517,119,201.6208,0.0,undergrad
506,30,81.9304,0.0,undergrad
516,7,129.4555,0.0,undergrad
498,1,104.2017,0.0,undergrad
520,1,145.4411,0.0002178970917225,undergrad
505,6,203.3335,0.0,undergrad
519,128,222.2601,0.0,undergrad
501,123,259.084,0.0,undergrad
505,158,68.8656,0.0,undergrad
519,111,234.3085,0.0,undergrad
555,136,295.4501,0.0001288590604026,undergrad
516,6,236.0842,0.0,undergrad
505,157,34.8017,0.0,undergrad
501,216,148.4973,0.0,undergrad
565,116,36.6014,0.0001534675615212,undergrad
534,4,298.1121,9.395973154362418e-05,undergrad
501,194,313.8481,0.0,undergrad
522,9,108.3261,0.0,undergrad
504,138,99.3476,0.0,undergrad
518,16,109.1113,0.0,undergrad
492,10,257.5724,0.0,undergrad
514,17,141.8342,0.0018664429530201,undergrad
519,131,335.2397,0.0,undergrad
526,31,331.8908,0.0,undergrad
519,125,184.9795,0.0,undergrad
506,19,251.9534,0.0,undergrad
513,42,272.1293,0.0,undergrad
501,216,194.542,0.0,undergrad
545,106,281.6773,0.0018389261744966,undergrad
526,31,40.0239,4.47427293064877e-07,undergrad
501,190,112.535,0.0,undergrad
545,113,122.7325,1.5659955257270697e-06,undergrad
519,114,21.793,0.0,undergrad
534,4,228.9869,0.0003749440715883,undergrad
548,114,132.3414,0.0007067114093959,undergrad
545,124,170.508,2.237136465324385e-07,undergrad
497,133,125.3734,0.0025729306487695,undergrad
550,37,311.0105,0.0024666666666666,undergrad
565,115,297.4929,0.0013134228187919,undergrad
517,121,2.8289,0.0023366890380313,undergrad
512,114,159.3701,0.0,undergrad
525,6,226.1092,4.47427293064877e-07,undergrad
505,158,100.9851,0.0,undergrad
496,0,284.2508,0.0,undergrad
504,82,159.9276,0.0,undergrad
492,6,216.3495,0.0,undergrad
548,114,332.2759,6.196868008948547e-05,undergrad
492,10,190.38,0.0,undergrad
548,22,215.2042,8.948545861297539e-07,undergrad
513,95,35.8385,0.0,undergrad
505,5,117.0429,0.0,undergrad
504,137,29.1196,0.0,undergrad
544,18,259.6968,0.0006610738255033,undergrad
526,39,30.2858,4.47427293064877e-07,undergrad
504,130,183.3172,0.0,undergrad
504,185,166.317,0.0,undergrad
498,4,113.2114,0.0,undergrad
505,169,232.0847,4.47427293064877e-07,undergrad
510,16,103.4725,0.0,undergrad
517,123,46.5101,0.0,undergrad
518,2,19.9532,0.0,undergrad
519,130,178.9066,0.0,undergrad
501,186,299.0468,0.0,undergrad
517,89,148.7214,0.0,undergrad
504,125,44.1642,0.0,undergrad
545,108,257.7886,0.0002642058165548,undergrad
492,4,192.4373,2.237136465324385e-07,undergrad
505,158,167.9227,0.0,undergrad
517,94,21.3542,0.0,undergrad
492,11,322.6529,0.0,undergrad
519,204,182.708,0.0,undergrad
492,7,165.297,0.0,undergrad
526,39,196.6122,0.0,undergrad
518,16,313.8747,0.0,undergrad
534,4,319.2104,0.0001651006711409,undergrad
496,14,2.6923,0.0,undergrad
520,0,202.9889,0.0,undergrad
526,38,149.0404,0.0,undergrad
497,169,272.8498,4.47427293064877e-07,undergrad
